cnf,solution,painlessmaplevone,painlessmaplevtwo,pmcompspsthirty,pmcompspsixty,abcdparascavel,syrupscavel,manyglucosesixty,mergesat,mergesatnothp,plingeling,treengeling,manyglucosethirty,abcdsatptwenty,maplepainlessdc
ps_300_312_20.cnf.bz2,SATISFIABLE,861.499,809,160.844,410.517,18.185,153.592,98.272,551.855,532.587,13.272,113.823,353.771,TIMEOUT,2854.95
170105432.cnf.bz2,SATISFIABLE,79.134,83.16,3349.099,175.369,TIMEOUT,TIMEOUT,606.446,TIMEOUT,TIMEOUT,22.437,606.508,4106.213,TIMEOUT,366.171
combined-crypto1-wff-seed-102-wffvars-500-cryptocplx-31-overlap-2.cnf.bz2,SATISFIABLE,181.694,4024.673,407.452,782.619,109.9,TIMEOUT,TIMEOUT,TIMEOUT,TIMEOUT,826.025,2298.284,TIMEOUT,TIMEOUT,703.324
abw-V-nos6.mtx-w220.cnf.bz2,SATISFIABLE,TIMEOUT,TIMEOUT,1292.614,3415.698,103.371,1256.283,131.303,1554.955,1467.247,TIMEOUT,TIMEOUT,1249.286,4609.454,3001.542
atco_enc1_opt2_10_16.cnf.bz2,SATISFIABLE,307.173,142.16,118.555,104.039,1497.168,1906.563,1210.461,1043.364,1037.973,197.512,1152.498,1298.459,1794.325,77.713
vlsat2_15960_1464039.dimacs.cnf.bz2,UNKNOWN,TIMEOUT,TIMEOUT,TIMEOUT,TIMEOUT,TIMEOUT,TIMEOUT,TIMEOUT,TIMEOUT,TIMEOUT,TIMEOUT,TIMEOUT,TIMEOUT,TIMEOUT,TIMEOUT
w19-5.1.cnf.bz2,UNSATISFIABLE,399.017,430.627,62.836,91.262,109.698,350.048,161.104,559.499,555.598,280.082,96.884,126.96,137.053,125.47
53-131174.cnf.bz2,SATISFIABLE,77.573,69.634,34.041,27.687,235.194,TIMEOUT,1568.511,600.241,595.353,453.052,TIMEOUT,415.688,1021.183,61.591
lang23.cnf.gz.CP3-cnfmiter.cnf.bz2,UNSATISFIABLE,TIMEOUT,TIMEOUT,3098.968,TIMEOUT,238.246,TIMEOUT,TIMEOUT,369.858,375.282,957.57,1407.885,TIMEOUT,114.633,TIMEOUT
TT7F-33-26.cnf.bz2,SATISFIABLE,2276.788,2333.15,TIMEOUT,TIMEOUT,1052.536,TIMEOUT,TIMEOUT,TIMEOUT,TIMEOUT,TIMEOUT,TIMEOUT,TIMEOUT,TIMEOUT,TIMEOUT
g2-T83.2.1.cnf.bz2,UNSATISFIABLE,TIMEOUT,TIMEOUT,878.325,2748.7,446.056,1141.827,2520.594,349.044,364.299,2185.387,2965.335,1539.832,795.754,419.354
bv-term-small-rw_848.smt2.cnf.bz2,UNSATISFIABLE,TIMEOUT,TIMEOUT,TIMEOUT,TIMEOUT,TIMEOUT,TIMEOUT,TIMEOUT,TIMEOUT,TIMEOUT,285.453,TIMEOUT,TIMEOUT,TIMEOUT,TIMEOUT
QG7a-gensys-ukn009.sat05-3849.reshuffled-07.cnf.bz2,UNSATISFIABLE,245.128,197.114,67.304,100.145,321.691,244.774,164.436,924.266,920.4,208.814,875.197,114.308,186.787,65.318
newpol7-6.cnf.bz2,UNSATISFIABLE,438.759,491.706,327.778,155.651,199.681,43.008,188.572,202.2,201.082,158.016,1214.183,112.378,307.475,TIMEOUT
VanDerWaerden_pd_2-3-26_635.cnf.bz2,UNSATISFIABLE,TIMEOUT,TIMEOUT,TIMEOUT,TIMEOUT,TIMEOUT,TIMEOUT,TIMEOUT,TIMEOUT,TIMEOUT,TIMEOUT,3457.766,TIMEOUT,TIMEOUT,TIMEOUT
hid-uns-enc-6-1-0-0-0-0-14492.cnf.bz2,UNSATISFIABLE,102.377,106.369,TIMEOUT,44.395,189.484,29.405,51.84,106.234,109.46,379.219,107.937,35.686,88.926,23.151
jkkk-one-one-10-30-unsat.cnf.bz2,UNSATISFIABLE,103.963,113.967,32.296,37.198,80.088,29.053,60.51,124.18,123.088,63.442,88.461,35.832,66.917,33.25
TT7F-33-24C.cnf.bz2,SATISFIABLE,4268.497,TIMEOUT,TIMEOUT,TIMEOUT,TIMEOUT,TIMEOUT,TIMEOUT,TIMEOUT,TIMEOUT,TIMEOUT,TIMEOUT,TIMEOUT,TIMEOUT,TIMEOUT
problem_19.smt2.cnf.bz2,UNSATISFIABLE,1004.102,1090.886,94.307,103.606,508.201,122.198,135.322,616.039,619.624,418.759,4289.342,94.71,540.129,123.27
full-bf-ga-7-ce.cnf.bz2,SATISFIABLE,249.672,161.71,198.446,90.581,244.096,14.008,TIMEOUT,815.67,852.594,190.868,TIMEOUT,83.241,2562.019,80.652
post-cbmc-aes-ee-r2.cnf.bz2,UNSATISFIABLE,337.978,360.683,33.521,58.627,77.405,20.174,35.49,170.08,169.352,557.082,TIMEOUT,27.721,234.463,38.41
preimage_80r_490m_160h_seed_150.cnf.bz2,SATISFIABLE,1311.4,1343.354,TIMEOUT,TIMEOUT,3760.408,TIMEOUT,2734.019,TIMEOUT,TIMEOUT,TIMEOUT,TIMEOUT,4480.33,TIMEOUT,700.544
full-bg-gb-6-ce.cnf.bz2,UNSATISFIABLE,TIMEOUT,TIMEOUT,558.457,637.755,TIMEOUT,TIMEOUT,3738.325,TIMEOUT,TIMEOUT,3370.473,1641.942,TIMEOUT,3063.649,1099.491
bivium-39-200-0s0-0x5fa955de2b4f64d00226837d226c955de4566ce95f660180d7-30.cnf.bz2,UNSATISFIABLE,1368.538,1388.542,113.877,160.289,795.762,504.893,512.229,2111.061,2112.5,191.621,348.491,380.991,738.176,102.121
w16-5.cnf.bz2,UNSATISFIABLE,TIMEOUT,TIMEOUT,799.769,1238.973,3177.683,TIMEOUT,TIMEOUT,TIMEOUT,TIMEOUT,2417.343,506.644,TIMEOUT,3957.75,408.543
170222843.cnf.bz2,SATISFIABLE,936.507,415.263,263.871,1306.655,446.065,2218.249,256.295,TIMEOUT,TIMEOUT,4049.858,143.749,TIMEOUT,TIMEOUT,1456.732
schup-l2s-bc56s-1-k391.cnf.bz2,UNSATISFIABLE,1259.484,1259.209,138.716,352.068,196.578,146.966,337.84,218.984,220.59,108.027,932.37,235.927,770.069,247.96
ncc_none_5047_6_3_3_0_0_41.cnf.bz2,UNSATISFIABLE,1454.272,1409.958,377.492,1014.394,516.242,1129.884,2540.654,394.145,414.265,245.161,1689.268,1674.541,484.162,262.191
iffyInterleavedModMult-8.smt2.cnf.bz2,UNSATISFIABLE,TIMEOUT,TIMEOUT,647.43,1091.107,1747.876,2735.822,2348.841,TIMEOUT,TIMEOUT,1070.433,212.269,2345.023,2356.852,577.313
Steiner-27-10-bce.cnf.bz2,UNSATISFIABLE,1.068,1.072,1.615,1.735,0.09,0.06,0.602,0.149,0.143,1.035,0.253,0.444,0.23,1.028
ACG-15-10p1.cnf.bz2,SATISFIABLE,1030.596,1145.724,105.045,189.16,216.74,85.122,131.3,211.012,204.288,80.882,364.535,96.915,312.442,91.611
preimage_80r_493m_160h_seed_249.cnf.bz2,SATISFIABLE,806.999,111.821,464.381,282.713,25.9,308.808,135.67,4943.151,TIMEOUT,248.575,1586.631,41.596,TIMEOUT,352.439
53-129696.cnf.bz2,SATISFIABLE,110.32,77.433,37.036,54.804,334.96,TIMEOUT,706.468,555.424,547.74,462.027,TIMEOUT,85.94,927.653,68.556
ps_200_300_70.cnf.bz2,UNSATISFIABLE,479.331,489.482,73.076,207.011,120.225,85.364,52.699,312.835,310.777,27.742,403.767,32.68,212.471,40.424
6g_5color_164_100_01.cnf.bz2,SATISFIABLE,TIMEOUT,TIMEOUT,TIMEOUT,TIMEOUT,1176.849,4488.607,1080.548,1132.153,1205.219,697.9,167.829,1079.906,2629.853,1295.281
4g_6color_182_100_02.cnf.bz2,SATISFIABLE,TIMEOUT,TIMEOUT,TIMEOUT,TIMEOUT,896.423,75.621,128.848,TIMEOUT,TIMEOUT,1539.636,2091.591,129.613,4982.899,TIMEOUT
fermat-33106286870663.cnf.bz2,SATISFIABLE,74.135,16.062,21.848,63.175,15.577,107.893,214.475,54.494,55.289,74.6,65.778,83.699,189.412,35.268
bv-term-small-rw_503.smt2.cnf.bz2,UNSATISFIABLE,TIMEOUT,TIMEOUT,883.511,1529.026,TIMEOUT,TIMEOUT,3867.207,TIMEOUT,TIMEOUT,26.503,TIMEOUT,3238.359,TIMEOUT,TIMEOUT
3bitadd_32.cnf.gz.CP3-cnfmiter.cnf.bz2,UNSATISFIABLE,151.534,191.871,80.914,111.855,20.576,113.449,118.793,77.127,77.552,69.523,229.854,92.696,21.24,2229.933
sted1_0x0_n438-636.cnf.bz2,SATISFIABLE,1221.533,1197.46,295.355,529.406,833.133,621.8,795.385,936.86,938.698,609.99,TIMEOUT,550.1,1060.545,194.434
contest03-SGI_30_50_30_20_3-dir.sat05-440.reshuffled-07.cnf.bz2,UNSATISFIABLE,69.22,79.215,11.254,12.342,67.775,17.5,36.727,218.681,211.546,21.632,22.437,20.967,44.151,59.305
baseballcover12with24_and2positions.cnf.bz2,SATISFIABLE,571.115,626.202,155.569,262.486,324.595,3752.054,1834.746,139.396,143.801,120.325,223.965,2367.696,TIMEOUT,262.296
vlsat2_21114_2240429.dimacs.cnf.bz2,UNKNOWN,TIMEOUT,TIMEOUT,TIMEOUT,TIMEOUT,TIMEOUT,TIMEOUT,TIMEOUT,TIMEOUT,TIMEOUT,TIMEOUT,TIMEOUT,TIMEOUT,TIMEOUT,TIMEOUT
mulhs16.smt2.cnf.bz2,UNKNOWN,TIMEOUT,TIMEOUT,TIMEOUT,TIMEOUT,TIMEOUT,TIMEOUT,TIMEOUT,TIMEOUT,TIMEOUT,TIMEOUT,TIMEOUT,TIMEOUT,TIMEOUT,TIMEOUT
baseballcover13with25_and3positions.cnf.bz2,UNSATISFIABLE,TIMEOUT,TIMEOUT,1612.654,1367.857,TIMEOUT,TIMEOUT,TIMEOUT,TIMEOUT,TIMEOUT,769.793,TIMEOUT,TIMEOUT,TIMEOUT,TIMEOUT
170153306.cnf.bz2,SATISFIABLE,144.204,639.294,359.228,204.366,40.844,2794.303,2869.355,2389.077,2397.894,192.753,29.295,504.213,TIMEOUT,59.098
uum12.smt2.cnf.bz2,UNSATISFIABLE,TIMEOUT,TIMEOUT,4427.403,TIMEOUT,3161.414,2202.14,1311.403,TIMEOUT,TIMEOUT,2790.654,301.113,1337.115,TIMEOUT,420.251
gto_p50c314.cnf.bz2,UNKNOWN,TIMEOUT,TIMEOUT,TIMEOUT,TIMEOUT,TIMEOUT,TIMEOUT,TIMEOUT,TIMEOUT,TIMEOUT,TIMEOUT,TIMEOUT,TIMEOUT,TIMEOUT,TIMEOUT
newpol6-8.cnf.bz2,UNKNOWN,TIMEOUT,TIMEOUT,TIMEOUT,TIMEOUT,TIMEOUT,TIMEOUT,TIMEOUT,TIMEOUT,TIMEOUT,TIMEOUT,TIMEOUT,TIMEOUT,TIMEOUT,TIMEOUT
stable-300-0.1-20-98765432130020.cnf.bz2,SATISFIABLE,15.574,15.542,3.227,10.404,120.635,15.932,87.432,254.663,244.494,12.232,6.552,38.95,340.601,22.933
4g_6color_366_060_06.cnf.bz2,SATISFIABLE,414.563,1422.715,1111.706,3924.239,TIMEOUT,2936.242,366.178,TIMEOUT,TIMEOUT,462.709,2435.228,1035.88,TIMEOUT,1663.591
crafted_n12_d6_c4_num9.cnf.bz2,UNSATISFIABLE,964.691,657.292,321.694,585.499,692.305,3453.824,526.053,690.627,679.119,130.945,255.724,583.865,319.586,386.315
vlsat2_15440_1409906.dimacs.cnf.bz2,UNKNOWN,TIMEOUT,TIMEOUT,TIMEOUT,TIMEOUT,TIMEOUT,TIMEOUT,TIMEOUT,TIMEOUT,TIMEOUT,TIMEOUT,TIMEOUT,TIMEOUT,TIMEOUT,TIMEOUT
size_4_5_5_i028_w31_r9.cnf.bz2,UNSATISFIABLE,2962.882,2243.748,334.284,FAILED,1890.859,1647.907,1017.699,4802.062,4786.082,673.441,337.871,862.634,825.102,2561.656
hcp_CP16_16.cnf.bz2,SATISFIABLE,1116.432,1787.368,204.74,763.954,TIMEOUT,TIMEOUT,TIMEOUT,252.84,249.822,TIMEOUT,TIMEOUT,TIMEOUT,1135.554,592.017
ps_300_322_20.cnf.bz2,SATISFIABLE,746.954,687.833,126.845,369.081,250.531,750.02,354.413,1642.893,1613.854,13.513,142.704,166.061,TIMEOUT,1187.59
b1904P1-8x8c6h7SAT.cnf.bz2,SATISFIABLE,3553.547,2056.509,1395.204,1553.896,3371.599,TIMEOUT,610.669,TIMEOUT,TIMEOUT,TIMEOUT,TIMEOUT,1041.6,TIMEOUT,TIMEOUT
logistics-unsat-logistics-rotate-11t5.sat05-1141.reshuffled-07.cnf.bz2,UNSATISFIABLE,385.478,391.55,289.228,FAILED,174.212,381.625,842.701,931.993,961.402,1287.118,1841.781,584.105,647.531,95.497
apn-sbox6-cut4-helpbox26.cnf.bz2,SATISFIABLE,1419.323,1399.112,TIMEOUT,TIMEOUT,TIMEOUT,TIMEOUT,1799.542,TIMEOUT,TIMEOUT,TIMEOUT,TIMEOUT,TIMEOUT,TIMEOUT,2404.883
ncc_none_3001_7_3_3_1_31_435991723.cnf.bz2,SATISFIABLE,2246.988,2241.747,538.568,1273.9,532.996,1312.694,2813.019,323.894,328.132,317.697,123.875,1917.37,470.739,INCORRECT
preimage_80r_491m_160h_seed_391.cnf.bz2,SATISFIABLE,1431.214,3004.73,230.123,2729.794,1279.016,4461.037,1300.828,TIMEOUT,TIMEOUT,TIMEOUT,TIMEOUT,1141.127,TIMEOUT,20.222
mod2c-rand3bip-sat-220-2.sat05-2489.reshuffled-07.cnf.bz2,SATISFIABLE,8.168,10.135,21.377,20.308,27.861,31.324,13.774,155.257,151.963,74.917,90.289,46.144,143.617,FAILED
VanDerWaerden_2-3-16_238.cnf.bz2,UNKNOWN,TIMEOUT,TIMEOUT,TIMEOUT,TIMEOUT,TIMEOUT,TIMEOUT,TIMEOUT,TIMEOUT,TIMEOUT,TIMEOUT,TIMEOUT,TIMEOUT,TIMEOUT,TIMEOUT
dislog_a18_x18_n28.cnf.bz2,UNKNOWN,TIMEOUT,TIMEOUT,TIMEOUT,TIMEOUT,TIMEOUT,TIMEOUT,TIMEOUT,TIMEOUT,TIMEOUT,TIMEOUT,TIMEOUT,TIMEOUT,TIMEOUT,TIMEOUT
DLTM_twitter774_83_17.cnf.bz2,SATISFIABLE,1972.515,1605.506,546.26,52.151,TIMEOUT,2372.704,1225.986,TIMEOUT,TIMEOUT,1680.891,954.59,466.345,TIMEOUT,784.025
tseitingrid7x165_shuffled.cnf.bz2,UNSATISFIABLE,TIMEOUT,TIMEOUT,1.69,1.832,TIMEOUT,TIMEOUT,TIMEOUT,INCORRECT,INCORRECT,TIMEOUT,1083.239,TIMEOUT,TIMEOUT,1.061
170154931.cnf.bz2,SATISFIABLE,600.293,158.211,353.889,4008.711,TIMEOUT,497.399,4.086,TIMEOUT,TIMEOUT,TIMEOUT,804.238,2.974,TIMEOUT,389.195
grain-55-80-0s0-seed-125-45-init-40.cnf.bz2,UNSATISFIABLE,383.052,352.052,35.239,38.314,150.977,97.284,116.947,309.193,307.668,76.134,715.995,85.519,212.911,33.261
combined-crypto1-wff-seed-3-wffvars-450-cryptocplx-40-overlap-2.cnf.bz2,SATISFIABLE,1386.308,1370.032,656.368,912.774,445.6,TIMEOUT,TIMEOUT,TIMEOUT,TIMEOUT,1582.491,1699.581,TIMEOUT,TIMEOUT,347.279
combined-crypto1-wff-seed-110-wffvars-500-cryptocplx-31-overlap-2.cnf.bz2,SATISFIABLE,TIMEOUT,TIMEOUT,TIMEOUT,TIMEOUT,TIMEOUT,TIMEOUT,TIMEOUT,TIMEOUT,TIMEOUT,TIMEOUT,871.098,TIMEOUT,TIMEOUT,936.385
ps_200_305_70.cnf.bz2,UNSATISFIABLE,428.815,409.953,73.914,225.361,71.773,15.955,55.259,549.151,545.593,55.833,1885.957,37.443,85.778,131.331
TT7F-33-24B.cnf.bz2,UNKNOWN,TIMEOUT,TIMEOUT,TIMEOUT,TIMEOUT,TIMEOUT,TIMEOUT,TIMEOUT,TIMEOUT,TIMEOUT,TIMEOUT,TIMEOUT,TIMEOUT,TIMEOUT,TIMEOUT
abw-X-can__715.mtx-w103.cnf.bz2,SATISFIABLE,TIMEOUT,TIMEOUT,2084.1,3777.004,1123.695,TIMEOUT,TIMEOUT,1679.821,1729.531,TIMEOUT,TIMEOUT,TIMEOUT,3847.543,3641.846
prime2209-84.cnf.bz2,SATISFIABLE,83.641,84.606,14.095,58.962,1.82,0.927,5.322,1.615,1.554,1.34,3.169,2.739,20.227,2.611
dislog_a13_x13_n23.cnf.bz2,SATISFIABLE,1191.517,1419.521,183.175,304.567,327.315,102.025,659.21,1538.937,1469.59,314.985,206.034,951.444,1834.26,503.726
170223547.cnf.bz2,SATISFIABLE,202.226,286.278,128.281,1089.164,467.827,31.745,2106.449,1837.266,1783.979,902.429,1414.306,557.574,TIMEOUT,1926.578
baseballcover13with25.cnf.bz2,SATISFIABLE,509.866,336.452,63.517,131.525,90.966,18.907,74.672,287.655,286.622,44.561,96.667,47.242,1279.128,81.57
IBM_FV_2004_rule_batch_1_31_1_SAT_dat.k90.debugged.cnf.bz2,UNKNOWN,TIMEOUT,TIMEOUT,TIMEOUT,TIMEOUT,TIMEOUT,TIMEOUT,TIMEOUT,TIMEOUT,TIMEOUT,TIMEOUT,TIMEOUT,TIMEOUT,TIMEOUT,TIMEOUT
size_4_5_5_i037_w31_r9.cnf.bz2,UNSATISFIABLE,TIMEOUT,TIMEOUT,455.856,484.007,4091.916,2139.373,1137.675,TIMEOUT,TIMEOUT,2078.197,428.296,1305.051,3445.696,TIMEOUT
w19-20.1.cnf.bz2,UNSATISFIABLE,291.662,331.117,50.224,FAILED,97.264,591.334,145.805,292.914,292.829,149.288,69.753,101.125,130.931,73.945
preimage_80r_494m_160h_seed_378.cnf.bz2,SATISFIABLE,80.894,120.991,66.469,150.593,422.514,569.849,109.498,270.935,263.611,522.387,2834.828,191.514,3176.796,46.258
traffic_kkb_unknown.cnf.bz2,UNSATISFIABLE,168.141,187.897,30.266,42.152,80.246,19.699,45.04,171.255,183.654,65.294,510.98,28.119,50.281,21.652
TT7F-34-24E.cnf.bz2,UNKNOWN,TIMEOUT,TIMEOUT,TIMEOUT,TIMEOUT,TIMEOUT,TIMEOUT,TIMEOUT,TIMEOUT,TIMEOUT,TIMEOUT,TIMEOUT,TIMEOUT,TIMEOUT,TIMEOUT
sted3_0x1e3-147.cnf.bz2,SATISFIABLE,41.796,232.892,73.917,83.334,419.247,439.774,358.276,310.701,313.053,85.898,24.744,136.693,417.502,84.292
4g_5color_166_100_02.cnf.bz2,SATISFIABLE,TIMEOUT,TIMEOUT,2998.757,1308.204,839.873,298.306,330.105,3204.38,3310.355,254.113,373.165,337.324,TIMEOUT,778.581
homer17.shuffled.cnf.bz2,UNSATISFIABLE,185.244,176.205,127.861,123.366,168.718,682.232,857.241,2013.538,2009.479,0.295,0.049,1219.212,416.908,48.121
Timetable_C_466_E_50_Cl_31_S_28.cnf.bz2,SATISFIABLE,670.177,655.126,1462.983,2531.823,TIMEOUT,TIMEOUT,TIMEOUT,115.706,112.167,TIMEOUT,TIMEOUT,TIMEOUT,253.894,1771.175
lang28.cnf.gz.CP3-cnfmiter.cnf.bz2,UNSATISFIABLE,1558.024,TIMEOUT,1850.716,4190.6,382.142,TIMEOUT,TIMEOUT,988.973,969.015,3267.27,TIMEOUT,TIMEOUT,296.474,TIMEOUT
size_5_5_5_i041_r12.cnf.bz2,SATISFIABLE,260.524,114.516,192.267,3790.524,1547.506,3567.039,780.036,TIMEOUT,TIMEOUT,350.277,418.249,3234.716,TIMEOUT,1328.409
schur-triples-7-60.cnf.bz2,SATISFIABLE,181.949,89.123,36.279,58.349,627.246,222.647,100.331,147.786,148.007,113.913,1659.716,74.674,231.637,FAILED
battleship-24-47-sat.cnf.bz2,UNKNOWN,TIMEOUT,TIMEOUT,TIMEOUT,TIMEOUT,TIMEOUT,TIMEOUT,TIMEOUT,TIMEOUT,TIMEOUT,TIMEOUT,TIMEOUT,TIMEOUT,TIMEOUT,TIMEOUT
b2005-p2-14x14c17h9-Ser3-0.cnf.bz2,UNKNOWN,TIMEOUT,TIMEOUT,TIMEOUT,TIMEOUT,TIMEOUT,TIMEOUT,TIMEOUT,TIMEOUT,TIMEOUT,TIMEOUT,TIMEOUT,TIMEOUT,TIMEOUT,TIMEOUT
TT7F-34-24C.cnf.bz2,UNKNOWN,TIMEOUT,TIMEOUT,TIMEOUT,TIMEOUT,TIMEOUT,TIMEOUT,TIMEOUT,TIMEOUT,TIMEOUT,TIMEOUT,TIMEOUT,TIMEOUT,TIMEOUT,TIMEOUT
baseballcover13with25_and1positions.cnf.bz2,SATISFIABLE,1437.907,484.449,149.191,147.039,569.824,45.048,100.853,1355.522,1361.821,118.762,177.96,59.586,2802.271,203.198
b2005-p3-14x14c17h9-Ser6-0.cnf.bz2,UNKNOWN,TIMEOUT,TIMEOUT,TIMEOUT,TIMEOUT,TIMEOUT,TIMEOUT,TIMEOUT,TIMEOUT,TIMEOUT,TIMEOUT,TIMEOUT,TIMEOUT,TIMEOUT,TIMEOUT
ssp-0.046166496845693274.cnf.bz2,SATISFIABLE,2643.776,2470.724,1135.362,997.794,1920.111,482.258,597.212,TIMEOUT,TIMEOUT,89.236,TIMEOUT,985.75,TIMEOUT,404.842
fermat-907547022132073.cnf.bz2,SATISFIABLE,118.382,101.382,66.376,188.173,113.689,86.352,115.285,550.501,553.256,269.668,62.754,163.921,1739.495,126.325
fclqcolor-18-14-11.cnf.gz.CP3-cnfmiter.cnf.bz2,UNSATISFIABLE,144.329,144.343,16.998,19.755,479.411,13.854,21.323,32.859,32.738,42.663,187.052,19.657,124.272,FAILED
6g_6color_366_040_04.cnf.bz2,UNKNOWN,TIMEOUT,TIMEOUT,TIMEOUT,TIMEOUT,TIMEOUT,TIMEOUT,TIMEOUT,TIMEOUT,TIMEOUT,TIMEOUT,TIMEOUT,TIMEOUT,TIMEOUT,TIMEOUT
full-bf-ga-9-ce.cnf.bz2,SATISFIABLE,130.272,106.3,907.526,TIMEOUT,110.248,51.741,22.784,TIMEOUT,TIMEOUT,105.666,TIMEOUT,17.106,TIMEOUT,471.536
TT7F-33-25.cnf.bz2,UNKNOWN,TIMEOUT,TIMEOUT,TIMEOUT,TIMEOUT,FAILED,TIMEOUT,TIMEOUT,TIMEOUT,TIMEOUT,TIMEOUT,TIMEOUT,TIMEOUT,TIMEOUT,TIMEOUT
mp1-squ_any_s09x07_c27_bail_UNS.cnf.bz2,UNSATISFIABLE,327.237,236.264,34.154,38.922,186.159,139.707,148.489,510.282,505.166,466.308,29.043,95.646,131.157,18.357
170055892.cnf.bz2,SATISFIABLE,854.319,572.383,94.657,504.083,2981.225,1568.102,531.641,TIMEOUT,TIMEOUT,1137.834,1080.543,TIMEOUT,TIMEOUT,96.114
sgp_5-6-8.sat05-2669.reshuffled-07.cnf.bz2,SATISFIABLE,904.708,579.613,659.449,323.96,1272.005,2756.229,445.247,TIMEOUT,TIMEOUT,791.602,76.436,753.086,TIMEOUT,303.957
58-134003.cnf.bz2,SATISFIABLE,204.336,165.474,78.038,79.688,1016.548,981.874,338.859,2005.397,2012.218,424.634,4315.964,442.266,1055.68,123.684
mm-2x3-8-8-sb.1.sat05-475.reshuffled-07.cnf.bz2,UNSATISFIABLE,609.898,612.803,73.775,88.652,397.68,194.145,196.841,619.213,594.449,312.321,910.595,140.287,365.34,163.072
59-131147.cnf.bz2,SATISFIABLE,164.619,154.699,62.101,53.869,954.101,566.878,240.295,1167.744,1175.065,292.74,TIMEOUT,182.318,858.944,57.635
53-131674.cnf.bz2,SATISFIABLE,153.94,111.953,65.898,34.919,763.09,TIMEOUT,TIMEOUT,1306.869,1271.48,414.873,TIMEOUT,TIMEOUT,2168.183,132.696
abw-Q-494_bus.mtx-w242.cnf.bz2,UNSATISFIABLE,TIMEOUT,TIMEOUT,4689.372,3730.284,TIMEOUT,TIMEOUT,4093.348,TIMEOUT,TIMEOUT,TIMEOUT,TIMEOUT,3293.076,TIMEOUT,TIMEOUT
sted6_0x0-135.cnf.bz2,SATISFIABLE,476.254,213.239,210.335,124.527,1021.701,1636.33,143.83,2528.857,2359.259,259.494,1425.974,1070.261,2010.102,115.275
sv-comp19_prop-reachsafety.queue_longer_false-unreach-call.i-witness.cnf.bz2,SATISFIABLE,TIMEOUT,TIMEOUT,FAILED,TIMEOUT,785.59,116.364,177.686,TIMEOUT,TIMEOUT,FAILED,FAILED,178.445,1622.746,FAILED
fsf-300-354-2-2-3-2.23.opt.cnf.bz2,UNKNOWN,TIMEOUT,TIMEOUT,TIMEOUT,TIMEOUT,TIMEOUT,TIMEOUT,TIMEOUT,TIMEOUT,TIMEOUT,TIMEOUT,TIMEOUT,TIMEOUT,TIMEOUT,TIMEOUT
size_5_5_5_i019_r12.cnf.bz2,SATISFIABLE,176.511,154.547,101.779,104.477,718.783,2324.713,320.351,TIMEOUT,TIMEOUT,1650.518,2810.097,385.085,TIMEOUT,970.341
rbsat-v2400c266431gyes7.cnf.bz2,UNKNOWN,TIMEOUT,TIMEOUT,TIMEOUT,TIMEOUT,TIMEOUT,TIMEOUT,TIMEOUT,TIMEOUT,TIMEOUT,TIMEOUT,TIMEOUT,TIMEOUT,TIMEOUT,TIMEOUT
vlsat2_30195_3855554.dimacs.cnf.bz2,UNKNOWN,TIMEOUT,TIMEOUT,TIMEOUT,TIMEOUT,TIMEOUT,TIMEOUT,TIMEOUT,TIMEOUT,TIMEOUT,TIMEOUT,TIMEOUT,TIMEOUT,TIMEOUT,TIMEOUT
abw-I-ash85.mtx-w24.cnf.bz2,UNKNOWN,TIMEOUT,TIMEOUT,TIMEOUT,TIMEOUT,TIMEOUT,TIMEOUT,TIMEOUT,TIMEOUT,TIMEOUT,TIMEOUT,TIMEOUT,TIMEOUT,TIMEOUT,TIMEOUT
LED_round_29-32_faultAt_29_fault_injections_5_seed_1579630418.cnf.bz2,SATISFIABLE,TIMEOUT,TIMEOUT,TIMEOUT,TIMEOUT,TIMEOUT,TIMEOUT,TIMEOUT,TIMEOUT,TIMEOUT,3202.88,TIMEOUT,TIMEOUT,TIMEOUT,TIMEOUT
baseballcover12with22_and2positions.cnf.bz2,UNSATISFIABLE,2877.515,2726.147,256.794,387.493,1535.549,TIMEOUT,TIMEOUT,1101.568,1084.677,338.529,2246.986,3482.565,1618.697,710.195
w19-20.0.cnf.bz2,UNSATISFIABLE,177.456,186.5,60.151,56.446,70.321,244.52,94.398,159.678,154.757,84.604,54.383,65.585,72.544,34.914
TT7F-34-24B.cnf.bz2,UNKNOWN,TIMEOUT,TIMEOUT,TIMEOUT,TIMEOUT,TIMEOUT,TIMEOUT,TIMEOUT,TIMEOUT,TIMEOUT,TIMEOUT,TIMEOUT,TIMEOUT,TIMEOUT,TIMEOUT
4g_6color_366_070_06.cnf.bz2,UNKNOWN,TIMEOUT,TIMEOUT,TIMEOUT,TIMEOUT,TIMEOUT,TIMEOUT,TIMEOUT,TIMEOUT,TIMEOUT,TIMEOUT,TIMEOUT,TIMEOUT,TIMEOUT,TIMEOUT
Timetable_C_241_E_34_Cl_16_S_12.cnf.bz2,UNKNOWN,TIMEOUT,TIMEOUT,TIMEOUT,TIMEOUT,TIMEOUT,TIMEOUT,TIMEOUT,TIMEOUT,TIMEOUT,TIMEOUT,TIMEOUT,TIMEOUT,TIMEOUT,TIMEOUT
sted2_0x0_n219-342.cnf.bz2,SATISFIABLE,110.016,141.015,160.982,146.094,289.305,119.203,509.891,9.442,9.287,299.208,3899.746,162.358,1075.282,103.651
ps_200_301_70.cnf.bz2,UNSATISFIABLE,501.136,551.599,62.935,200.25,65.421,10.848,51.875,863.283,877.802,27.66,65.852,33.963,357.916,240.248
fermat-770131695059117.cnf.bz2,SATISFIABLE,795.557,305.521,634.511,1181.618,108.701,250.535,3885.162,TIMEOUT,TIMEOUT,551.071,300.6,4415.591,TIMEOUT,500.389
hid-uns-enc-6-1-0-0-0-0-27601.cnf.bz2,UNSATISFIABLE,117.381,113.384,46.203,49.931,199.729,39.069,56.663,109.267,109.986,573.808,87.307,40.25,99.035,20.317
preimage_80r_495m_160h_seed_379.cnf.bz2,SATISFIABLE,192.896,135.825,201.321,178.636,20.771,69.95,51.445,964.846,961.296,565.42,1909.731,92.045,978.199,14.172
newpol6-6.cnf.bz2,UNSATISFIABLE,328.171,292.172,56.19,87.838,2089.537,44.505,102.513,255.319,243.904,134.133,1403.707,58.001,322.238,79.425
problem_21.smt2.cnf.bz2,UNSATISFIABLE,TIMEOUT,TIMEOUT,TIMEOUT,TIMEOUT,TIMEOUT,TIMEOUT,TIMEOUT,TIMEOUT,TIMEOUT,29.245,TIMEOUT,TIMEOUT,TIMEOUT,TIMEOUT
vlsat2_57038_10572502.dimacs.cnf.bz2,SATISFIABLE,420.838,372.524,TIMEOUT,TIMEOUT,818.971,TIMEOUT,TIMEOUT,TIMEOUT,TIMEOUT,20.437,4086.32,TIMEOUT,TIMEOUT,TIMEOUT
ncc_none_12477_5_3_3_0_0_435991723.cnf.bz2,UNSATISFIABLE,1499.832,1503.205,632.598,1200.886,1552.887,1980.193,TIMEOUT,859.541,853.775,447.488,1736.146,3415.347,1125.201,255.014
hid-uns-enc-6-1-0-0-0-0-3251.cnf.bz2,UNSATISFIABLE,168.387,183.422,56.494,FAILED,315.09,53.269,67.64,200.163,193.249,392.723,156.851,50.283,143.189,28.163
battleship-27-54-sat.cnf.bz2,UNKNOWN,TIMEOUT,TIMEOUT,TIMEOUT,TIMEOUT,TIMEOUT,TIMEOUT,TIMEOUT,TIMEOUT,TIMEOUT,TIMEOUT,TIMEOUT,TIMEOUT,TIMEOUT,TIMEOUT
SocialGolfers-6-6-6-cp_c18.cnf.bz2,UNSATISFIABLE,TIMEOUT,TIMEOUT,TIMEOUT,TIMEOUT,TIMEOUT,TIMEOUT,TIMEOUT,TIMEOUT,TIMEOUT,2362.389,TIMEOUT,TIMEOUT,TIMEOUT,TIMEOUT
ps_200_316_70.cnf.bz2,UNSATISFIABLE,371.328,390.891,59.509,227.966,34.504,13.005,54.557,368.085,353.548,20.437,TIMEOUT,28.711,746.795,153.762
baseballcover15with25.cnf.bz2,UNSATISFIABLE,616.699,527.536,81.008,136.252,292.543,23.904,113.556,251.326,246.339,50.974,136.597,59.775,257.239,85.219
170059722.cnf.bz2,SATISFIABLE,655.291,2277.579,49.15,160.101,1700.872,69.599,TIMEOUT,TIMEOUT,TIMEOUT,TIMEOUT,1904.353,4808.009,TIMEOUT,2196.586
sv-comp19_prop-reachsafety.newton_2_2_true-unreach-call_true-termination.i-witness.cnf.bz2,UNSATISFIABLE,295.606,318.467,37.051,106.243,43.52,17.558,58.739,50.128,52.21,25.162,198.018,35.846,64.534,28.79
sgen4-unsat-89-1.cnf.bz2,UNSATISFIABLE,134.175,116.18,23.178,32.359,93.677,135.348,118.795,141.157,136.982,0.14,0.053,77.357,50.01,16.084
abw-N-bcsstk07.mtx-w35.cnf.bz2,SATISFIABLE,4660.866,TIMEOUT,1212.646,2845.645,TIMEOUT,TIMEOUT,TIMEOUT,TIMEOUT,TIMEOUT,TIMEOUT,TIMEOUT,TIMEOUT,TIMEOUT,TIMEOUT
TT7F-34-26.cnf.bz2,UNKNOWN,TIMEOUT,TIMEOUT,TIMEOUT,TIMEOUT,TIMEOUT,TIMEOUT,TIMEOUT,TIMEOUT,TIMEOUT,TIMEOUT,TIMEOUT,TIMEOUT,TIMEOUT,TIMEOUT
ps_200_306_70.cnf.bz2,UNSATISFIABLE,352.994,411.901,67.952,186.566,78.235,15.141,53.111,204.473,209.577,44.316,1341.084,26.153,712.658,36.841
vlsat2_24450_2770239.dimacs.cnf.bz2,SATISFIABLE,153.317,145.731,TIMEOUT,787.13,308.323,486.536,649.515,154.289,148.588,4.544,117.818,62.907,TIMEOUT,4188.476
f6bidw.cnf.bz2,UNSATISFIABLE,167.627,176.755,26.769,71.067,12.374,3.22,24.325,17.534,17.42,16.692,34.998,14.504,37.516,11.675
Steiner-45-16-bce.cnf.bz2,UNSATISFIABLE,11.116,10.124,4.712,5.284,1.652,1.703,15.181,13.08,13.906,25.416,2.353,8.57,3.979,5.05
ssAES_4-4-4_round_7-10_faultAt_7_fault_injections_2_seed_1564286498.cnf.bz2,UNKNOWN,TIMEOUT,TIMEOUT,TIMEOUT,TIMEOUT,TIMEOUT,TIMEOUT,TIMEOUT,TIMEOUT,TIMEOUT,TIMEOUT,TIMEOUT,TIMEOUT,TIMEOUT,TIMEOUT
abw-N-bcsstk07.mtx-w44.cnf.bz2,UNSATISFIABLE,957.688,957.752,140.669,284.124,FAILED,372.221,730.399,325.99,321.279,389.905,357.113,599.404,383.041,64.126
TT7F-33-24E.cnf.bz2,UNKNOWN,TIMEOUT,TIMEOUT,TIMEOUT,TIMEOUT,TIMEOUT,TIMEOUT,TIMEOUT,TIMEOUT,TIMEOUT,TIMEOUT,TIMEOUT,TIMEOUT,TIMEOUT,TIMEOUT
combined-crypto1-wff-seed-8-wffvars-450-cryptocplx-40-overlap-2.cnf.bz2,SATISFIABLE,TIMEOUT,TIMEOUT,594.493,1000.678,4738.925,TIMEOUT,TIMEOUT,TIMEOUT,TIMEOUT,TIMEOUT,4685.067,TIMEOUT,TIMEOUT,554.609
w15.cnf.bz2,UNSATISFIABLE,534.438,707.508,116.302,178.602,283.905,387.936,413.915,1286.964,1377.893,305.955,92.194,328.078,263.029,79.379
rbsat-v2640c305320gyes10.cnf.bz2,UNKNOWN,TIMEOUT,TIMEOUT,TIMEOUT,TIMEOUT,TIMEOUT,TIMEOUT,TIMEOUT,TIMEOUT,TIMEOUT,TIMEOUT,TIMEOUT,TIMEOUT,TIMEOUT,TIMEOUT
ncc_none_3047_7_3_3_1_0_1.cnf.bz2,SATISFIABLE,2343.998,2343.253,529.904,1208.225,553.136,1383.329,2856.193,496.371,511.741,296.402,208.98,1928.302,525.704,INCORRECT
GreenTao_2-5-5_34308.cnf.bz2,UNKNOWN,TIMEOUT,TIMEOUT,TIMEOUT,TIMEOUT,TIMEOUT,TIMEOUT,TIMEOUT,TIMEOUT,TIMEOUT,TIMEOUT,TIMEOUT,TIMEOUT,TIMEOUT,TIMEOUT
DLTM_twitter799_70_13.cnf.bz2,SATISFIABLE,54.34,132.386,21.834,66.971,95.749,194.203,39.931,182.226,182.223,381.333,187.462,79.011,1110.908,110.672
ssAES_4-4-8_round_8-10_faultAt_8_fault_injections_2_seed_1579630418.cnf.bz2,SATISFIABLE,934.747,1207.742,365.152,147.384,4367.226,907.373,235.291,TIMEOUT,TIMEOUT,363.092,TIMEOUT,314.836,TIMEOUT,TIMEOUT
size_5_5_5_i131_r12.cnf.bz2,SATISFIABLE,1592.793,191.516,356.311,623.666,607.22,1386.523,595.016,TIMEOUT,TIMEOUT,1319.823,32.439,4024.583,TIMEOUT,1206.397
ls16-normalized.cnf.gz.CP3-cnfmiter.cnf.bz2,UNSATISFIABLE,65.868,65.428,FAILED,86.312,96.452,321.869,127.616,75.761,75.917,187.222,298.776,113.908,33.765,TIMEOUT
dislog_a19_x19_n29.cnf.bz2,UNKNOWN,TIMEOUT,TIMEOUT,TIMEOUT,TIMEOUT,TIMEOUT,TIMEOUT,TIMEOUT,TIMEOUT,TIMEOUT,TIMEOUT,TIMEOUT,TIMEOUT,TIMEOUT,TIMEOUT
TT7F-33-24D.cnf.bz2,UNKNOWN,TIMEOUT,TIMEOUT,TIMEOUT,TIMEOUT,TIMEOUT,TIMEOUT,TIMEOUT,TIMEOUT,TIMEOUT,TIMEOUT,TIMEOUT,TIMEOUT,TIMEOUT,TIMEOUT
size_5_5_5_i260_r12.cnf.bz2,SATISFIABLE,85.566,67.542,112.415,117.504,338.195,1587.621,2056.567,4284.566,4300.26,1677.925,966.427,2165.796,TIMEOUT,33.144
bv-term-small-rw_206.smt2.cnf.bz2,UNKNOWN,TIMEOUT,TIMEOUT,TIMEOUT,TIMEOUT,TIMEOUT,TIMEOUT,TIMEOUT,TIMEOUT,TIMEOUT,TIMEOUT,TIMEOUT,TIMEOUT,TIMEOUT,TIMEOUT
b2005-p1-12x12c10h7-Ser8-0.cnf.bz2,UNKNOWN,TIMEOUT,TIMEOUT,TIMEOUT,TIMEOUT,TIMEOUT,TIMEOUT,TIMEOUT,TIMEOUT,TIMEOUT,TIMEOUT,TIMEOUT,TIMEOUT,TIMEOUT,TIMEOUT
sqrt_ineq_3.c.cnf.bz2,SATISFIABLE,168.159,174.249,19.907,64.209,3.018,198.823,17.128,141.178,141.084,53,40.343,9.352,146.037,4.553
Steiner-405-70-bce.cnf.bz2,UNKNOWN,TIMEOUT,TIMEOUT,TIMEOUT,TIMEOUT,TIMEOUT,TIMEOUT,TIMEOUT,TIMEOUT,TIMEOUT,TIMEOUT,TIMEOUT,TIMEOUT,TIMEOUT,TIMEOUT
bv-term-small-rw_350.smt2.cnf.bz2,UNKNOWN,TIMEOUT,TIMEOUT,TIMEOUT,TIMEOUT,TIMEOUT,TIMEOUT,TIMEOUT,TIMEOUT,TIMEOUT,TIMEOUT,TIMEOUT,TIMEOUT,TIMEOUT,TIMEOUT
TT7F-34-24D.cnf.bz2,UNKNOWN,TIMEOUT,TIMEOUT,TIMEOUT,TIMEOUT,TIMEOUT,TIMEOUT,TIMEOUT,TIMEOUT,TIMEOUT,TIMEOUT,TIMEOUT,TIMEOUT,TIMEOUT,TIMEOUT
ps_300_314_20.cnf.bz2,SATISFIABLE,624.202,643.649,186.5,323.918,516.087,746.621,462.2,281.77,276.469,13.092,166.515,737.122,TIMEOUT,113.424
combined-crypto1-wff-seed-133-wffvars-500-cryptocplx-31-overlap-2.cnf.bz2,SATISFIABLE,TIMEOUT,346.706,2804.114,3436.127,TIMEOUT,TIMEOUT,TIMEOUT,TIMEOUT,TIMEOUT,TIMEOUT,TIMEOUT,TIMEOUT,TIMEOUT,577.287
Kakuro-easy-125-ext.xml.hg_4.cnf.bz2,UNSATISFIABLE,TIMEOUT,TIMEOUT,803.924,1008.672,3189.585,786.275,920.588,986.431,943.176,2850.589,TIMEOUT,761.433,1945.261,544.733
DLTM_twitter690_74_16.cnf.bz2,SATISFIABLE,265.443,493.479,48.284,32.834,287.02,16.015,115.32,260.217,245.796,38.624,439.988,28.679,1638.149,255.057
49-133045.cnf.bz2,SATISFIABLE,91.182,412.696,132.822,108.831,163.72,1328.113,591.05,557.221,578.772,2861.267,TIMEOUT,538.74,TIMEOUT,48.59
Steiner-135-33-bce.cnf.bz2,UNKNOWN,TIMEOUT,TIMEOUT,TIMEOUT,TIMEOUT,TIMEOUT,TIMEOUT,TIMEOUT,TIMEOUT,TIMEOUT,TIMEOUT,TIMEOUT,TIMEOUT,TIMEOUT,TIMEOUT
preimage_80r_491m_160h_seed_7.cnf.bz2,SATISFIABLE,140.897,183.866,553.503,TIMEOUT,917.288,893.954,1037.987,TIMEOUT,TIMEOUT,232.749,TIMEOUT,1826.643,TIMEOUT,66.295
Steiner-729-112-bce.cnf.bz2,UNKNOWN,TIMEOUT,TIMEOUT,TIMEOUT,TIMEOUT,TIMEOUT,TIMEOUT,TIMEOUT,TIMEOUT,TIMEOUT,TIMEOUT,TIMEOUT,TIMEOUT,TIMEOUT,TIMEOUT
hid-uns-enc-6-1-0-0-0-0-26462.cnf.bz2,UNSATISFIABLE,214.448,218.441,70.212,97.197,510.636,90.093,104.634,316.978,326.11,799.918,261.504,73.763,170.535,40.18
Kakuro-easy-052-ext.xml.hg_4.cnf.bz2,SATISFIABLE,398.794,383.235,93.819,162.677,83.444,207.092,167.515,206.87,219.294,198.914,1063.124,117.64,545.601,105.387
newpol34-4.cnf.bz2,UNSATISFIABLE,TIMEOUT,TIMEOUT,1295.109,2984.993,243.811,1122.008,1209.677,285.032,296.824,170.912,TIMEOUT,745.8,4259.462,931.787
Steiner-9-5-bce.cnf.bz2,UNSATISFIABLE,1.022,1.024,1.63,1.71,0.022,0.023,0.083,0.023,0.024,0.06,0.057,0.048,0.028,1.174
dislog_a14_x14_n24.cnf.bz2,SATISFIABLE,650.094,TIMEOUT,1648.617,1929.083,3861.442,TIMEOUT,3701.71,TIMEOUT,TIMEOUT,3066.294,TIMEOUT,3820.006,TIMEOUT,TIMEOUT
preimage_80r_490m_160h_seed_6.cnf.bz2,SATISFIABLE,569.06,2097.328,TIMEOUT,1163.098,3452.565,TIMEOUT,1334.516,TIMEOUT,TIMEOUT,934.74,TIMEOUT,1231.56,TIMEOUT,4952.507
ex051_9-sc2018.cnf.bz2,UNSATISFIABLE,TIMEOUT,TIMEOUT,3764.095,3154.854,TIMEOUT,3695.587,1791.72,TIMEOUT,TIMEOUT,TIMEOUT,TIMEOUT,1584.482,TIMEOUT,2600.263
combined-crypto1-wff-seed-18-wffvars-450-cryptocplx-40-overlap-2.cnf.bz2,SATISFIABLE,TIMEOUT,2517.725,793.116,1257.261,TIMEOUT,TIMEOUT,TIMEOUT,TIMEOUT,TIMEOUT,TIMEOUT,460.922,TIMEOUT,TIMEOUT,564.333
filter_iir_true-unreach-call.c.cnf.bz2,UNSATISFIABLE,1204.443,1215.144,199.691,446.62,458.058,132.073,289.596,316.028,327.05,966.08,4310.448,205.665,488.685,4765.481
sted5_0x0-157.cnf.bz2,SATISFIABLE,129.434,84.36,137.571,125.579,555.6,172.676,98.53,217.232,216.183,213.416,139.489,52.381,1642.72,45.271
abw-I-ash85.mtx-w25.cnf.bz2,UNKNOWN,TIMEOUT,TIMEOUT,TIMEOUT,TIMEOUT,TIMEOUT,TIMEOUT,TIMEOUT,TIMEOUT,TIMEOUT,TIMEOUT,TIMEOUT,TIMEOUT,TIMEOUT,TIMEOUT
170225515.cnf.bz2,SATISFIABLE,757.3,205.217,683.096,753.736,TIMEOUT,876.568,429.455,TIMEOUT,TIMEOUT,4658.048,432.923,521.801,TIMEOUT,461.202
Kakuro-easy-126-ext.xml.hg_7.cnf.bz2,SATISFIABLE,1213.579,1118.073,275.775,679.445,212.932,113.455,336.9,246.981,240.574,498.093,3983.8,217.433,796.634,348.021
abw-O-impcol_d.mtx-w101.cnf.bz2,SATISFIABLE,1959.319,1508.137,345.39,568.007,302.9,4731.529,1728.112,642.163,657.235,TIMEOUT,TIMEOUT,TIMEOUT,671.544,782.473
size_4_5_5_i035_w31_r9.cnf.bz2,UNSATISFIABLE,2778.86,3620.003,FAILED,435.506,3384.755,1549.887,1075.545,TIMEOUT,TIMEOUT,2288.16,348.186,1103.827,2047.929,3000.809
combined-crypto1-wff-seed-108-wffvars-500-cryptocplx-31-overlap-2.cnf.bz2,SATISFIABLE,TIMEOUT,TIMEOUT,TIMEOUT,TIMEOUT,TIMEOUT,TIMEOUT,TIMEOUT,TIMEOUT,TIMEOUT,TIMEOUT,4212.612,TIMEOUT,TIMEOUT,2155.577
LABS_n071_goal001-sc2013.cnf.bz2,UNSATISFIABLE,TIMEOUT,TIMEOUT,517.141,614.494,1167.614,755.526,924.606,1688.361,1717.521,1217.415,3272.225,721.283,2790.558,414.246
Kakuro-easy-117-ext.xml.hg_5.cnf.bz2,SATISFIABLE,1512.969,1274.861,330.701,671.444,707.953,1067.626,1418.428,715.182,689.412,1283.708,TIMEOUT,982.293,1353.402,414.051
ncc_none_2_18_8_3_1_0_435991723.cnf.bz2,SATISFIABLE,2069.289,2199.386,464.805,1063.53,341.055,250.132,338.193,559.322,574.947,139.436,1102.228,235.827,1209.492,291.321
b2005-p2-14x14c17h9-Ser4-0.cnf.bz2,UNKNOWN,TIMEOUT,TIMEOUT,TIMEOUT,TIMEOUT,TIMEOUT,TIMEOUT,TIMEOUT,TIMEOUT,TIMEOUT,TIMEOUT,TIMEOUT,TIMEOUT,TIMEOUT,TIMEOUT
Kakuro-easy-041-ext.xml.hg_4.cnf.bz2,UNSATISFIABLE,1266.755,1262.434,272.915,376.063,1037.104,172.467,254.999,363.757,371.866,972.39,TIMEOUT,168.714,643.546,122.66
combined-crypto1-wff-seed-101-wffvars-500-cryptocplx-31-overlap-2.cnf.bz2,SATISFIABLE,866.977,119.671,1730.781,1423.83,31.855,TIMEOUT,TIMEOUT,TIMEOUT,TIMEOUT,1343.495,710.393,TIMEOUT,TIMEOUT,621.307
crafted_n10_d6_c3_num18.cnf.bz2,UNSATISFIABLE,1311.343,1280.505,712.528,839.665,1028.156,TIMEOUT,3501.752,3121.231,3012.183,186.927,306.682,4222.914,401.899,323.88
baseballcover14with25_and2positions.cnf.bz2,UNSATISFIABLE,1493.97,1454.56,162.21,TIMEOUT,1172.791,3686.475,3078.784,570.615,583.532,114.258,1480.997,2540.601,384.681,536.406
preimage_80r_491m_160h_seed_71.cnf.bz2,SATISFIABLE,200.867,1115.161,2687.784,TIMEOUT,4020.436,2197.485,1107.518,2486.99,2472.598,1736.168,TIMEOUT,3358.856,TIMEOUT,1877.8
rbsat-v2400c266431gyes6.cnf.bz2,UNKNOWN,TIMEOUT,TIMEOUT,TIMEOUT,TIMEOUT,TIMEOUT,TIMEOUT,TIMEOUT,TIMEOUT,TIMEOUT,TIMEOUT,TIMEOUT,TIMEOUT,TIMEOUT,TIMEOUT
preimage_80r_491m_160h_seed_407.cnf.bz2,SATISFIABLE,939.096,207.938,3706.096,TIMEOUT,148.885,4000.107,1502.745,TIMEOUT,TIMEOUT,2134.46,TIMEOUT,1021.134,TIMEOUT,2205.187
ps_200_317_70.cnf.bz2,UNSATISFIABLE,366.747,363.026,63.44,193.885,188.304,138.859,53.001,117.59,122.417,38.123,1298.595,30.959,62.043,89.861
preimage_80r_492m_160h_seed_136.cnf.bz2,SATISFIABLE,361.972,993.034,1271.635,2412.334,959.996,168.425,36.241,TIMEOUT,TIMEOUT,700.048,1789.031,650.185,TIMEOUT,867.67
ncc_none_2_17_4_3_0_0_435991723.cnf.bz2,UNSATISFIABLE,2962.012,3289.628,444.021,1080.457,222.952,573.554,737.092,479.189,482.285,176.271,2962.123,477.551,396.141,198.495
vlsat2_30744_3925645.dimacs.cnf.bz2,SATISFIABLE,349.807,225.302,TIMEOUT,232.944,20.374,TIMEOUT,4527.616,213.133,208.728,7.507,107.281,1115.593,3265.309,TIMEOUT
ncc_none_21015_5_3_3_0_0_11.cnf.bz2,UNSATISFIABLE,2747.422,2748.73,1557.792,3004.459,4801.645,TIMEOUT,TIMEOUT,2725.358,2782.61,2180.937,TIMEOUT,TIMEOUT,3244.141,668.228
full-bg-gb-7-ce.cnf.bz2,SATISFIABLE,182.651,99.684,TIMEOUT,1663.716,74.153,934.298,11.046,TIMEOUT,TIMEOUT,TIMEOUT,TIMEOUT,301.113,TIMEOUT,710.474
170059081.cnf.bz2,SATISFIABLE,95.158,97.162,3033.451,TIMEOUT,41.946,2223.332,83.051,TIMEOUT,TIMEOUT,1438.889,3547.513,279.026,TIMEOUT,43.175
abw-K-dwt__234.mtx-w55.cnf.bz2,UNSATISFIABLE,2018.932,1795.949,119.317,156.904,778.826,221.49,246.434,946.406,924.999,189.652,TIMEOUT,165.467,590.227,249.609
Timetable_C_181_E_34_Cl_12_S_6.cnf.bz2,UNKNOWN,TIMEOUT,TIMEOUT,TIMEOUT,TIMEOUT,TIMEOUT,TIMEOUT,TIMEOUT,TIMEOUT,TIMEOUT,TIMEOUT,TIMEOUT,TIMEOUT,TIMEOUT,TIMEOUT
goldb-heqc-k2mul.cnf.bz2,UNSATISFIABLE,707.15,790.262,37.455,64.808,597.159,126.652,149.109,466.173,462.243,87.03,83.221,107.868,278.428,496.826
6g_6color_366_050_04.cnf.bz2,SATISFIABLE,TIMEOUT,TIMEOUT,TIMEOUT,TIMEOUT,24.339,1584.838,TIMEOUT,TIMEOUT,TIMEOUT,TIMEOUT,TIMEOUT,1013.649,TIMEOUT,TIMEOUT
Kakuro-easy-148-ext.xml.hg_8.cnf.bz2,SATISFIABLE,1080.612,1162.82,284.394,418.082,283.612,142.104,228.795,207.464,206.689,732.298,TIMEOUT,193.251,643.319,337.66
vlsat2_34161_4607712.dimacs.cnf.bz2,SATISFIABLE,245.036,217.35,TIMEOUT,TIMEOUT,23.134,TIMEOUT,3812.707,196.701,199.015,8.975,165.435,4504.483,TIMEOUT,TIMEOUT
DLTM_twitter249_74_10.cnf.bz2,UNSATISFIABLE,2711.472,2912.308,252.708,FAILED,1192.975,432.994,720.7,1219.947,1210.974,454.487,1353.486,409.981,1118.025,200.567
Kakuro-easy-154-ext.xml.hg_4.cnf.bz2,UNSATISFIABLE,3846.968,4317.892,581.082,986.468,3269.31,538.034,663.446,1036.469,994.019,2273.844,TIMEOUT,479.687,1989.032,573.92
4g_5color_168_100_02.cnf.bz2,UNKNOWN,TIMEOUT,TIMEOUT,TIMEOUT,TIMEOUT,TIMEOUT,TIMEOUT,TIMEOUT,TIMEOUT,TIMEOUT,TIMEOUT,TIMEOUT,TIMEOUT,TIMEOUT,TIMEOUT
01-integer-programming-5-10-100.cnf.bz2,UNKNOWN,TIMEOUT,TIMEOUT,TIMEOUT,TIMEOUT,TIMEOUT,TIMEOUT,TIMEOUT,TIMEOUT,TIMEOUT,TIMEOUT,TIMEOUT,TIMEOUT,TIMEOUT,TIMEOUT
DLTM_twitter799_70_12.cnf.bz2,UNSATISFIABLE,679.508,719.476,101.096,181.996,362.7,164.544,331.266,603.606,595.109,245.374,246.125,203.184,275.78,53.873
Timetable_C_497_E_62_Cl_33_S_30.cnf.bz2,SATISFIABLE,663.55,731.228,2282.027,TIMEOUT,1267.03,TIMEOUT,TIMEOUT,178.473,177.888,TIMEOUT,TIMEOUT,TIMEOUT,277.42,4295.552
rbsat-v2640c305320g4.cnf.bz2,UNKNOWN,TIMEOUT,TIMEOUT,TIMEOUT,TIMEOUT,TIMEOUT,TIMEOUT,TIMEOUT,TIMEOUT,TIMEOUT,TIMEOUT,TIMEOUT,TIMEOUT,TIMEOUT,TIMEOUT
e_rphp096_04.cnf.bz2,UNSATISFIABLE,1521.568,1492.541,190.215,178.716,1337.506,650.316,263.422,TIMEOUT,TIMEOUT,TIMEOUT,TIMEOUT,333.901,2045.259,2166.555
Kittell-k7.cnf.bz2,UNSATISFIABLE,749.173,525.263,57.204,FAILED,391.967,57.297,175.208,310.771,319.563,213.175,3797.738,92.065,253.504,598.352
60-129673.cnf.bz2,SATISFIABLE,890.572,1941.881,431.865,119.644,TIMEOUT,TIMEOUT,3855.786,TIMEOUT,TIMEOUT,672.233,TIMEOUT,3138.645,TIMEOUT,577.702
size_5_5_5_i092_r12.cnf.bz2,SATISFIABLE,1327.999,4008.51,946.429,646.943,222.158,3068.697,TIMEOUT,TIMEOUT,TIMEOUT,984.996,194.341,TIMEOUT,TIMEOUT,995.387
sted1_0x0-649.cnf.bz2,SATISFIABLE,TIMEOUT,TIMEOUT,1085.793,2431.725,TIMEOUT,TIMEOUT,TIMEOUT,TIMEOUT,TIMEOUT,TIMEOUT,TIMEOUT,TIMEOUT,TIMEOUT,920.029
fermat-931960058139995587.cnf.bz2,UNKNOWN,TIMEOUT,TIMEOUT,TIMEOUT,TIMEOUT,TIMEOUT,TIMEOUT,TIMEOUT,TIMEOUT,TIMEOUT,TIMEOUT,TIMEOUT,TIMEOUT,TIMEOUT,TIMEOUT
b2005-p5-14x14c17h9-Ser3-0.cnf.bz2,UNKNOWN,TIMEOUT,TIMEOUT,TIMEOUT,TIMEOUT,TIMEOUT,TIMEOUT,TIMEOUT,TIMEOUT,TIMEOUT,TIMEOUT,TIMEOUT,TIMEOUT,TIMEOUT,TIMEOUT
baseballcover12with23_and2positions.cnf.bz2,SATISFIABLE,1985.288,3728.708,169.857,474.32,2283.53,TIMEOUT,4301.885,477.745,475.655,236.052,657.328,3681.352,2620.155,4749.552
59-129706.cnf.bz2,SATISFIABLE,160.12,125.13,58.726,52.651,218.366,403.274,300.452,1003.093,1032.391,303.376,TIMEOUT,256.312,751.549,38.56
full-bg-gb-9-ce.cnf.bz2,SATISFIABLE,213.27,1449.499,TIMEOUT,TIMEOUT,2333.165,TIMEOUT,TIMEOUT,TIMEOUT,TIMEOUT,1514.843,TIMEOUT,TIMEOUT,TIMEOUT,46.39
170104584.cnf.bz2,SATISFIABLE,3019.714,1297.408,2159.541,1010.167,TIMEOUT,TIMEOUT,TIMEOUT,TIMEOUT,TIMEOUT,415.712,257.153,TIMEOUT,TIMEOUT,669.354
atco_enc2_opt2_05_9-sc2014.cnf.bz2,SATISFIABLE,244.226,330.254,151.523,111.872,397.986,160.64,175.677,159.157,165.573,190.137,903.524,128.302,1223.559,69.102
SGI_30_70_20_60_10-dir.shuffled-as.sat03-144.cnf.bz2,UNSATISFIABLE,221.827,233.861,73.256,76.002,712.402,577.18,299.48,1721.279,1785.689,138.434,138.172,260.738,251.411,103.26
newpol6-7.cnf.bz2,UNSATISFIABLE,4388.237,4219.242,746.35,676.282,TIMEOUT,973.278,821.693,2695.583,2767.175,2782.428,TIMEOUT,714.415,3862.142,TIMEOUT
size_5_5_5_i003_r12.cnf.bz2,SATISFIABLE,TIMEOUT,TIMEOUT,195.28,667.762,1830.903,TIMEOUT,TIMEOUT,TIMEOUT,TIMEOUT,TIMEOUT,608.954,TIMEOUT,TIMEOUT,TIMEOUT
crafted_n11_d6_c4_num19.cnf.bz2,UNSATISFIABLE,950.085,565.976,245.279,748.816,404.379,1959.436,2590.843,389.704,386.931,71.996,122.985,2144.584,315.815,251.737
22930-0426-195.smt2.cnf.bz2,UNSATISFIABLE,TIMEOUT,TIMEOUT,1269.516,2572.78,TIMEOUT,TIMEOUT,1754.29,TIMEOUT,TIMEOUT,TIMEOUT,TIMEOUT,2030.301,TIMEOUT,TIMEOUT
Steiner-15-7-bce.cnf.bz2,UNSATISFIABLE,1.029,1.031,1.613,1.722,0.032,0.035,0.09,0.015,0.015,0.061,0.055,0.048,0.033,1.043
Kakuro-easy-065-ext.xml.hg_3.cnf.bz2,UNSATISFIABLE,1835.58,1877.155,347.601,516.016,560.886,347.862,557.03,332.605,330.751,1167.24,3673.12,420.836,498.417,281.698
vlsat2_40170_5970608.dimacs.cnf.bz2,SATISFIABLE,261.621,260.963,TIMEOUT,TIMEOUT,24.894,TIMEOUT,TIMEOUT,281.928,277.265,12.219,125.856,TIMEOUT,TIMEOUT,TIMEOUT
size_5_5_5_i058_r12.cnf.bz2,SATISFIABLE,610.725,916.843,112.366,286.135,280.056,679.188,874.234,TIMEOUT,TIMEOUT,302.949,TIMEOUT,349.044,TIMEOUT,166.187
ctl_4291_567_9_unsat_pre.cnf.bz2,UNSATISFIABLE,511.088,571.902,67.871,93.132,255.162,49.936,92.957,521.91,529.277,175.776,257.151,60.128,181.253,38.53
combined-crypto1-wff-seed-121-wffvars-500-cryptocplx-31-overlap-2.cnf.bz2,SATISFIABLE,TIMEOUT,568.753,TIMEOUT,TIMEOUT,TIMEOUT,TIMEOUT,TIMEOUT,TIMEOUT,TIMEOUT,TIMEOUT,TIMEOUT,TIMEOUT,TIMEOUT,TIMEOUT
ssAES_4-4-8_round_8-10_faultAt_8_fault_injections_2_seed_31944661.cnf.bz2,SATISFIABLE,1361.805,1087.694,354.81,768.079,4376.937,4701.964,219.162,TIMEOUT,TIMEOUT,333.495,TIMEOUT,206.587,TIMEOUT,2490.892
unsat-set-a-clqcolor-16-10-11.sat05-1253.reshuffled-07.cnf.bz2,SATISFIABLE,TIMEOUT,TIMEOUT,TIMEOUT,TIMEOUT,TIMEOUT,TIMEOUT,TIMEOUT,4384.155,4275.964,TIMEOUT,TIMEOUT,TIMEOUT,TIMEOUT,TIMEOUT
DLTM_twitter405_71_12.cnf.bz2,SATISFIABLE,45.004,86.04,34.001,16.528,36.743,39.588,90.932,151.976,159.379,68.552,57.688,71.937,331.286,17.317
Steiner-81-21-bce.cnf.bz2,UNKNOWN,TIMEOUT,TIMEOUT,TIMEOUT,TIMEOUT,TIMEOUT,TIMEOUT,TIMEOUT,TIMEOUT,TIMEOUT,TIMEOUT,TIMEOUT,TIMEOUT,TIMEOUT,TIMEOUT
6g_5color_166_100_01.cnf.bz2,SATISFIABLE,TIMEOUT,TIMEOUT,TIMEOUT,TIMEOUT,TIMEOUT,2868.657,727.707,TIMEOUT,TIMEOUT,1952.268,1247.999,746.346,TIMEOUT,TIMEOUT
tseitingrid7x185_shuffled.cnf.bz2,UNSATISFIABLE,TIMEOUT,TIMEOUT,1.675,1.884,TIMEOUT,TIMEOUT,TIMEOUT,INCORRECT,INCORRECT,TIMEOUT,1081.647,TIMEOUT,TIMEOUT,1.057
b1904P3-8x8c11h0SAT.cnf.bz2,UNKNOWN,TIMEOUT,TIMEOUT,TIMEOUT,TIMEOUT,TIMEOUT,TIMEOUT,TIMEOUT,TIMEOUT,TIMEOUT,TIMEOUT,TIMEOUT,TIMEOUT,TIMEOUT,TIMEOUT
fclqcolor-20-15-12.cnf.gz.CP3-cnfmiter.cnf.bz2,UNSATISFIABLE,116.91,190.068,27.587,FAILED,1920.886,70.734,43.498,61.783,62.357,91.065,540.75,30.408,156.202,92.659
size_4_5_5_i031_w31_r9.cnf.bz2,UNSATISFIABLE,3933.066,4760.234,446.845,470.499,4547.144,2066.334,1840.554,TIMEOUT,TIMEOUT,2782.282,457.634,1247.899,2737.669,TIMEOUT
Steiner-729-113-bce.cnf.bz2,UNKNOWN,TIMEOUT,TIMEOUT,TIMEOUT,TIMEOUT,TIMEOUT,TIMEOUT,TIMEOUT,TIMEOUT,TIMEOUT,TIMEOUT,TIMEOUT,TIMEOUT,TIMEOUT,TIMEOUT
rbcl_xits_08_UNSAT.cnf.bz2,UNSATISFIABLE,281.176,287.198,58.276,FAILED,278.129,142.506,152.994,1428.255,1493.867,787.205,TIMEOUT,113.375,132.987,31.419
170058440.cnf.bz2,SATISFIABLE,311.278,TIMEOUT,23.16,1265.632,TIMEOUT,TIMEOUT,772.891,TIMEOUT,TIMEOUT,TIMEOUT,1170.3,TIMEOUT,TIMEOUT,459.209
combined-crypto1-wff-seed-1-wffvars-450-cryptocplx-40-overlap-2.cnf.bz2,SATISFIABLE,22.722,16.695,3.201,241.24,1471.235,TIMEOUT,TIMEOUT,535.174,539.638,664.615,273.804,16.966,TIMEOUT,31.272
harder-php-025-024.sat05-1191.reshuffled-07.cnf.bz2,UNSATISFIABLE,TIMEOUT,TIMEOUT,TIMEOUT,TIMEOUT,TIMEOUT,TIMEOUT,TIMEOUT,TIMEOUT,TIMEOUT,0.377,0.069,TIMEOUT,TIMEOUT,TIMEOUT
w19-2.0.cnf.bz2,UNSATISFIABLE,519.189,430.198,FAILED,75.439,90.408,233.526,180.588,375.119,373.667,233.34,97.788,120.666,130.841,210.999
size_4_4_4_i4096_r8.cnf.bz2,UNSATISFIABLE,288.372,298.357,49.188,64.37,167.486,88.987,152.475,247.004,246.49,254.278,62.191,105.069,150.935,29.117
Steiner-135-32-bce.cnf.bz2,SATISFIABLE,235.682,1979.014,466.411,628.717,TIMEOUT,3503.496,310.521,TIMEOUT,TIMEOUT,TIMEOUT,1297.213,294.007,TIMEOUT,269.179
Timetable_C_226_E_34_Cl_15_S_12.cnf.bz2,UNKNOWN,TIMEOUT,TIMEOUT,TIMEOUT,TIMEOUT,TIMEOUT,TIMEOUT,TIMEOUT,TIMEOUT,TIMEOUT,TIMEOUT,TIMEOUT,TIMEOUT,TIMEOUT,TIMEOUT
Kakuro-easy-127-ext.xml.hg_6.cnf.bz2,SATISFIABLE,1834.535,1644.062,425.718,800.704,563.9,1019.606,329.347,694.897,697.021,4342.148,TIMEOUT,1273.421,1324.603,458.117
g2-T85.2.1.cnf.bz2,UNSATISFIABLE,TIMEOUT,TIMEOUT,878.227,2695.899,314.634,728.124,1779.302,249.317,265.438,1209.895,2416.661,1191.415,771.925,474.381
PRESENT_round_1-32_faultAt_30_fault_injections_10_seed_1579630418.cnf.bz2,UNKNOWN,TIMEOUT,TIMEOUT,TIMEOUT,TIMEOUT,TIMEOUT,TIMEOUT,TIMEOUT,TIMEOUT,TIMEOUT,TIMEOUT,TIMEOUT,TIMEOUT,TIMEOUT,TIMEOUT
DLTM_twitter249_74_11.cnf.bz2,UNSATISFIABLE,TIMEOUT,TIMEOUT,524.274,996.595,4332.392,2456.886,1775.279,3973.445,3922.93,2391.013,2717.124,1138.848,3708.708,563.695
LABS_n038_goal002.cnf.bz2,UNSATISFIABLE,2756.611,2619.607,184.249,277.429,417.759,361.534,450.08,1039.328,991.045,538.058,111.207,345.885,763.649,263.57
TT7F-33-24A.cnf.bz2,UNKNOWN,TIMEOUT,TIMEOUT,TIMEOUT,TIMEOUT,TIMEOUT,TIMEOUT,TIMEOUT,TIMEOUT,TIMEOUT,TIMEOUT,TIMEOUT,TIMEOUT,TIMEOUT,TIMEOUT
sted4_0x1e3-124.cnf.bz2,SATISFIABLE,130.299,98.296,192.245,246.063,1217.271,28.349,576.574,660.547,655.852,936.015,29.445,259.548,960.536,168.277
DLTM_twitter690_74_15.cnf.bz2,UNKNOWN,TIMEOUT,TIMEOUT,TIMEOUT,TIMEOUT,TIMEOUT,TIMEOUT,TIMEOUT,TIMEOUT,TIMEOUT,TIMEOUT,TIMEOUT,TIMEOUT,TIMEOUT,TIMEOUT
dislog_a12_x12_n22.cnf.bz2,SATISFIABLE,413.53,347.609,85.828,378.166,383.777,380.005,498.581,2151.299,2092.434,154.406,1202.204,294.742,1627.561,TIMEOUT
baseballcover14with25.cnf.bz2,UNSATISFIABLE,1544.358,1542.748,146.93,199.616,1951.817,31.403,144.987,616.904,592.616,124.502,404.41,84.669,574.16,181.346
course0.2_2018_3-sc2018.cnf.bz2,SATISFIABLE,1675.565,1936.332,307.193,1323.812,526.127,704.666,3033.774,552.553,556.459,775.607,2719.001,1877.825,2576.204,289.742
b2005-p4-14x14c17h9-Ser5-0.cnf.bz2,UNKNOWN,TIMEOUT,TIMEOUT,TIMEOUT,TIMEOUT,TIMEOUT,TIMEOUT,TIMEOUT,TIMEOUT,TIMEOUT,TIMEOUT,TIMEOUT,TIMEOUT,TIMEOUT,TIMEOUT
baseballcover14with25_and1positions.cnf.bz2,UNSATISFIABLE,1082.006,1122.05,113.194,191.5,529.112,33.122,144.219,447.486,449.307,103.628,250.425,77.732,483.642,276.579
ps_200_323_70.cnf.bz2,UNSATISFIABLE,457.767,470.411,87.565,257.926,21.311,32.932,61.857,163.259,160.912,86.046,75.876,42.348,1202.502,234.666
gto_p60c241.cnf.bz2,UNSATISFIABLE,44.191,44.195,15.462,17.577,65.297,28.624,89.3,50.485,49.989,139.216,39.247,49.955,27.687,14.079
baseballcover11with22_and2positions.cnf.bz2,SATISFIABLE,630.705,474.17,117.415,260.128,92.428,2315.341,1272.165,360.369,357.61,81.498,123.046,1257.968,660.702,101.871
w16-6a.cnf.bz2,UNSATISFIABLE,TIMEOUT,TIMEOUT,1180.81,1566.969,3834.915,TIMEOUT,TIMEOUT,TIMEOUT,TIMEOUT,3787.793,750.853,TIMEOUT,4196.94,691.62
vlsat2_32480_4362044.dimacs.cnf.bz2,UNKNOWN,TIMEOUT,TIMEOUT,TIMEOUT,TIMEOUT,TIMEOUT,TIMEOUT,TIMEOUT,TIMEOUT,TIMEOUT,TIMEOUT,TIMEOUT,TIMEOUT,TIMEOUT,TIMEOUT
Nb51T6-sc2018.cnf.bz2,UNSATISFIABLE,TIMEOUT,TIMEOUT,913.1,1745.584,744.965,4129.069,TIMEOUT,1240.759,1252.51,1996.1,TIMEOUT,TIMEOUT,1853.402,522.515
8-5-6.cnf.bz2,SATISFIABLE,TIMEOUT,TIMEOUT,799.481,TIMEOUT,TIMEOUT,TIMEOUT,TIMEOUT,TIMEOUT,TIMEOUT,TIMEOUT,TIMEOUT,TIMEOUT,TIMEOUT,TIMEOUT
rook-42-0-1.cnf.bz2,UNSATISFIABLE,2075.226,2244.192,125.728,168.282,1097.328,113.02,189.091,387.826,408.564,525.327,TIMEOUT,135.876,482.633,159.825
ncc_none_5047_6_3_3_3_0_435991723.cnf.bz2,SATISFIABLE,1378.792,1391.065,389.381,869.147,475.955,1067.392,2507.962,277.956,284.983,286.529,195.287,1648.393,346.433,1465.506
w19-8.0.cnf.bz2,UNSATISFIABLE,280.14,224.1,48.192,61.83,66.807,249.54,113.92,299.7,298.545,130.957,66.178,81.458,91.149,116.671
simon-mixed-s02bis-05.cnf.bz2,UNSATISFIABLE,323.366,321.331,37.345,48.663,95.551,23.444,71.65,177.013,175.286,129.59,182.331,41.09,124.73,103.231
Timetable_C_392_E_50_Cl_26_S_26.cnf.bz2,SATISFIABLE,525.858,518.311,147.006,295.58,TIMEOUT,TIMEOUT,TIMEOUT,61.122,60.043,TIMEOUT,TIMEOUT,TIMEOUT,336.9,151.7
g2-hwmcc15deep-bobpcihm-k31.cnf.bz2,UNSATISFIABLE,TIMEOUT,TIMEOUT,1663.813,3014.386,TIMEOUT,2816.535,1796.037,TIMEOUT,TIMEOUT,644.754,TIMEOUT,1649.851,TIMEOUT,TIMEOUT
170225812.cnf.bz2,SATISFIABLE,489.25,139.234,765.315,1241.146,281.633,4598.065,631.952,2713.248,2716.433,TIMEOUT,833.864,2502.691,TIMEOUT,172.248
ls15-normalized.cnf.gz.CP3-cnfmiter.cnf.bz2,UNSATISFIABLE,55.492,37.999,FAILED,FAILED,55.728,142.184,76.95,55.614,56.078,59.872,162.748,75.386,22.473,483.783
bv-term-small-rw_1220.smt2.cnf.bz2,UNKNOWN,TIMEOUT,TIMEOUT,TIMEOUT,TIMEOUT,TIMEOUT,TIMEOUT,TIMEOUT,TIMEOUT,TIMEOUT,TIMEOUT,TIMEOUT,TIMEOUT,TIMEOUT,TIMEOUT
abw-K-dwt__234.mtx-w54.cnf.bz2,UNKNOWN,TIMEOUT,TIMEOUT,TIMEOUT,TIMEOUT,TIMEOUT,TIMEOUT,TIMEOUT,TIMEOUT,TIMEOUT,TIMEOUT,TIMEOUT,TIMEOUT,TIMEOUT,TIMEOUT
simon03:sat02bis:k2fix_gr_2pinvar_w8.used-as.sat04-349.cnf.bz2,UNSATISFIABLE,29.733,28.832,3.982,15.165,3.413,2.137,8.008,75.076,75.598,TIMEOUT,TIMEOUT,6.262,4.433,TIMEOUT
grain-53-80-0s0-seed-125-4-init-35.cnf.bz2,UNSATISFIABLE,424.033,393.041,FAILED,39.813,189.454,106.872,124.101,383.5,384.95,82.39,830.975,91.213,265.412,32.244
problem_23.smt2.cnf.bz2,UNSATISFIABLE,1261.961,900.904,107.837,124.607,874.869,107.367,172.57,544.625,561.442,472.484,TIMEOUT,102.338,870.326,TIMEOUT
53-131220.cnf.bz2,SATISFIABLE,79.561,95.542,39.038,67.165,357.114,2337.106,TIMEOUT,468.169,461.049,137.961,2602.52,532.924,1450.746,216.601
ncc_none_21015_5_3_3_1_0_11.cnf.bz2,SATISFIABLE,2660.135,2679.462,1590.557,2898.654,4873.271,TIMEOUT,TIMEOUT,2132.829,2132.017,1847.946,737.625,TIMEOUT,3987.842,INCORRECT
ssp-0.497665446947731.cnf.bz2,SATISFIABLE,96.107,222.086,33.447,57.466,33.27,9.955,21.188,2383.437,2307.847,219.599,556.477,42.318,TIMEOUT,TIMEOUT
ncc_none_3_16_3_3_0_0_435991723.cnf.bz2,UNSATISFIABLE,4230.381,4489.675,578.012,1505.085,279.331,470.294,620.128,426.349,417.836,509.66,436.956,380.26,764.804,433.468
b2005-p4-12x12c10h7-Ser4-0.cnf.bz2,UNKNOWN,TIMEOUT,TIMEOUT,TIMEOUT,TIMEOUT,TIMEOUT,TIMEOUT,TIMEOUT,TIMEOUT,TIMEOUT,TIMEOUT,TIMEOUT,TIMEOUT,TIMEOUT,TIMEOUT
Steiner-243-46-bce.cnf.bz2,UNKNOWN,TIMEOUT,TIMEOUT,TIMEOUT,TIMEOUT,TIMEOUT,TIMEOUT,TIMEOUT,TIMEOUT,TIMEOUT,TIMEOUT,TIMEOUT,TIMEOUT,TIMEOUT,TIMEOUT
Timetable_C_392_E_62_Cl_26_S_28.cnf.bz2,SATISFIABLE,476.784,504.59,38.171,132.33,10.519,10.299,40.469,69.176,72.467,76.584,TIMEOUT,27.152,130.041,75.005
SAT_dat.k80.cnf.bz2,UNSATISFIABLE,397.839,652.947,35.189,56.823,233.686,16.82,47.974,118.89,121.057,115.381,194.586,32.361,414.543,304.43
DLTM_twitter845_79_19.cnf.bz2,SATISFIABLE,93.176,71.187,25.214,45.812,39.297,31.895,27.594,322.908,322.242,27.512,28.944,18.682,TIMEOUT,15.474
course0.2_2018_3_5.cnf.bz2,SATISFIABLE,826.976,862.913,154.498,345.197,20.741,82.454,203.922,65.543,67.156,131.165,829.882,121.985,174.368,72.973
4g_6color_180_100_02.cnf.bz2,SATISFIABLE,TIMEOUT,TIMEOUT,1956.998,3945.534,1048.775,519.928,466.997,2100.022,2132.214,1248.125,TIMEOUT,463.018,TIMEOUT,TIMEOUT
DLTM_twitter454_70_12.cnf.bz2,SATISFIABLE,616.817,180.782,120.457,177.947,331.441,163.279,252.748,854.731,866.098,379.089,208.683,164.456,552.588,94.248
newpol36-4.cnf.bz2,UNSATISFIABLE,TIMEOUT,TIMEOUT,1374.522,3203.71,1354.498,650.868,442.451,2227.189,2325.409,157.338,2872.176,314.781,TIMEOUT,548.772
bv-term-small-rw_1159.smt2.cnf.bz2,UNSATISFIABLE,TIMEOUT,TIMEOUT,FAILED,1122.873,TIMEOUT,TIMEOUT,3377.326,TIMEOUT,TIMEOUT,54.307,4650.85,2629.392,TIMEOUT,TIMEOUT
baseballcover11with25_and5positions.cnf.bz2,SATISFIABLE,1129.514,876.355,170.376,272.288,272.927,3887.016,2358.863,480.772,495.135,86.292,378.238,2692.832,2245.664,1118.286
size_4_5_5_i000_w31_r9.cnf.bz2,UNSATISFIABLE,TIMEOUT,TIMEOUT,513.301,524.728,4392.03,2679.496,1216.005,TIMEOUT,TIMEOUT,2763.396,597.445,1247.625,3173.103,TIMEOUT
preimage_80r_493m_160h_seed_457.cnf.bz2,SATISFIABLE,874.373,244.04,529.253,95.359,59.001,1312.668,545.92,3540.355,3532.212,388.842,3141.382,303.557,TIMEOUT,126.31
ctl_4291_567_11_unsat.cnf.bz2,UNSATISFIABLE,1937.86,1855.837,322.319,FAILED,1286.293,773.14,520.058,4331.055,4560.377,878.782,TIMEOUT,425.63,1134.17,1130.858
53-131587.cnf.bz2,SATISFIABLE,102.955,97.607,49.221,39.393,143.205,TIMEOUT,TIMEOUT,700.935,691.393,337.573,TIMEOUT,TIMEOUT,3857.504,89.6
DLTM_twitter454_70_11.cnf.bz2,UNSATISFIABLE,504.888,469.764,67.319,97.766,190.698,54.707,127.876,279.927,284.811,127.927,127.082,72.92,228.681,42.222
size_5_5_5_i235_r12.cnf.bz2,SATISFIABLE,156.547,431.599,1807.497,1649.828,940.221,1502.676,3976.122,TIMEOUT,TIMEOUT,TIMEOUT,145.594,TIMEOUT,TIMEOUT,2588.839
Kakuro-easy-157-ext.xml.hg_4.cnf.bz2,UNSATISFIABLE,2641.28,2913.732,450.343,598.111,1169.123,369.873,474.14,509.096,509.382,1114.062,TIMEOUT,345.155,921.13,434.238
DLTM_twitter304_77_11.cnf.bz2,UNSATISFIABLE,774.428,785.574,110.502,176.1,480.905,162.328,329.968,628.938,634.165,231.17,353.053,194.349,297.966,49.663
vlsat2_39552_5878762.dimacs.cnf.bz2,UNKNOWN,TIMEOUT,TIMEOUT,TIMEOUT,TIMEOUT,TIMEOUT,TIMEOUT,TIMEOUT,TIMEOUT,TIMEOUT,TIMEOUT,TIMEOUT,TIMEOUT,TIMEOUT,TIMEOUT
49-132779.cnf.bz2,SATISFIABLE,82.392,79.197,21.018,30.519,229.227,852.525,404.699,328.846,327.833,173.517,1889.361,77.624,626.917,25.456
combined-crypto1-wff-seed-12-wffvars-450-cryptocplx-40-overlap-2.cnf.bz2,SATISFIABLE,2297.201,58.739,895.411,1132.709,TIMEOUT,TIMEOUT,TIMEOUT,TIMEOUT,TIMEOUT,TIMEOUT,TIMEOUT,TIMEOUT,TIMEOUT,389.287
cz-alt-3-7.cnf.bz2,UNSATISFIABLE,3267.236,3252.179,FAILED,706.271,1054.658,557.646,573.952,2276.336,2270.465,346.433,306.2,405.798,1112.895,313.597
g2-hwmcc15deep-6s33-k34.cnf.bz2,UNSATISFIABLE,580.462,563.343,104.598,154.509,598.455,152.38,208.715,490.219,476.108,409.851,418.499,146.308,365.313,327.45
6s153.cnf.bz2,UNSATISFIABLE,156.953,161.98,29.594,39.128,55.079,10.425,48.45,65.156,65.06,39.384,464.622,30.476,115.381,184.706
full-bf-ga-6-ce.cnf.bz2,UNSATISFIABLE,TIMEOUT,TIMEOUT,325.385,389.711,2750.729,1710.715,1119.416,4929.687,4955.012,2096.504,1272.751,1269.182,1959.419,329.379
ctl_4291_567_6_unsat_pre.cnf.bz2,UNSATISFIABLE,TIMEOUT,TIMEOUT,804.695,951.33,TIMEOUT,2903.405,1507.631,TIMEOUT,TIMEOUT,2355.977,TIMEOUT,1506.042,2704.388,4198.409
ncc_none_7047_6_3_3_0_0_420.cnf.bz2,UNSATISFIABLE,1945.591,1941.431,622.342,1427.416,778.559,2644.249,TIMEOUT,861.59,827.505,480.739,2460.788,3830.15,722,542.348
TT7F-34-25.cnf.bz2,UNKNOWN,TIMEOUT,TIMEOUT,TIMEOUT,TIMEOUT,TIMEOUT,TIMEOUT,TIMEOUT,TIMEOUT,TIMEOUT,TIMEOUT,TIMEOUT,TIMEOUT,TIMEOUT,TIMEOUT
combined-crypto1-wff-seed-107-wffvars-500-cryptocplx-31-overlap-2.cnf.bz2,SATISFIABLE,1232.88,3926.638,3226.835,TIMEOUT,TIMEOUT,TIMEOUT,TIMEOUT,TIMEOUT,TIMEOUT,TIMEOUT,1027.404,TIMEOUT,TIMEOUT,240.281
6s20.cnf.bz2,UNSATISFIABLE,1456.654,1431.703,119.258,189.589,687.019,183.545,287.132,574.423,556.679,32.961,80.029,188.254,462.808,4307.555
newpol29-4.cnf.bz2,UNSATISFIABLE,TIMEOUT,4490.385,666.132,1753.31,319.648,514.332,1678.585,632.456,636.139,98.504,TIMEOUT,1761.646,3207.959,432.164
abw-K-dwt__234.mtx-w51.cnf.bz2,UNKNOWN,TIMEOUT,TIMEOUT,TIMEOUT,TIMEOUT,TIMEOUT,TIMEOUT,TIMEOUT,TIMEOUT,TIMEOUT,TIMEOUT,TIMEOUT,TIMEOUT,TIMEOUT,TIMEOUT
6g_5color_170_030_04.cnf.bz2,UNKNOWN,TIMEOUT,TIMEOUT,TIMEOUT,TIMEOUT,TIMEOUT,TIMEOUT,TIMEOUT,TIMEOUT,TIMEOUT,TIMEOUT,TIMEOUT,TIMEOUT,TIMEOUT,TIMEOUT
TT7F-34-27.cnf.bz2,UNKNOWN,TIMEOUT,TIMEOUT,TIMEOUT,TIMEOUT,TIMEOUT,TIMEOUT,TIMEOUT,TIMEOUT,TIMEOUT,TIMEOUT,TIMEOUT,TIMEOUT,TIMEOUT,TIMEOUT
ncc_none_12477_5_3_3_1_0_435991723.cnf.bz2,SATISFIABLE,1506.684,1487.281,648.21,1212.339,1521.66,1975.052,TIMEOUT,829.039,663.225,908.377,286.244,3378.684,1356.454,INCORRECT
size_4_5_5_i003_w31_r9.cnf.bz2,UNSATISFIABLE,TIMEOUT,4434.151,470.283,510.57,3338.673,2729.042,1148.744,TIMEOUT,TIMEOUT,2601.511,410.512,1206.032,3178.878,TIMEOUT
Steiner-243-45-bce.cnf.bz2,SATISFIABLE,948.947,4242.495,1803.108,2532.905,TIMEOUT,94.942,TIMEOUT,TIMEOUT,TIMEOUT,3790.097,TIMEOUT,TIMEOUT,TIMEOUT,1386.519
vlsat2_16676_1598591.dimacs.cnf.bz2,SATISFIABLE,83.842,89.663,2514.262,2611.608,40.431,319.929,559.903,20.991,21.019,2.48,32.863,73.138,938.462,17.891
g2-hwmcc15deep-6s516r-k17.cnf.bz2,UNSATISFIABLE,1513.187,1591.239,122.937,FAILED,404.342,250.786,389.563,1257.679,1225.795,379.655,300.6,278.34,557.101,TIMEOUT
4g_5color_170_050_05.cnf.bz2,SATISFIABLE,212.412,212.114,27.998,99.027,6.113,29.72,34.777,383.083,396.299,27.226,143.484,19.685,1827.823,535.476
Timetable_C_151_E_34_Cl_10_S_4.cnf.bz2,UNKNOWN,TIMEOUT,TIMEOUT,TIMEOUT,TIMEOUT,TIMEOUT,TIMEOUT,TIMEOUT,TIMEOUT,TIMEOUT,TIMEOUT,TIMEOUT,TIMEOUT,TIMEOUT,TIMEOUT
ssAES_4-4-8_round_7-10_faultAt_8_fault_injections_2_seed_1579630418.cnf.bz2,SATISFIABLE,1301.173,1389.964,131.276,179.165,2631.86,TIMEOUT,240.028,TIMEOUT,TIMEOUT,381.646,TIMEOUT,226.172,3883.007,437.783
170058143.cnf.bz2,SATISFIABLE,1082.564,2319.6,201.386,1712.721,TIMEOUT,478.969,689.91,TIMEOUT,TIMEOUT,3024.09,1242.049,2678.217,TIMEOUT,2097.676
grain-53-80-0s0-seed-125-8-init-35.cnf.bz2,UNSATISFIABLE,477.992,397.963,38.149,FAILED,224.644,118.768,169.445,377.419,392.112,93.152,1040.875,122.941,271.851,38.249
dislog_a11_x11_n21.cnf.bz2,SATISFIABLE,31.516,32.528,11.259,8.648,31.724,17.459,26.373,21.921,20.757,79.174,30.355,15.327,97.144,18.294
abw-N-bcsstk07.mtx-w38.cnf.bz2,UNKNOWN,TIMEOUT,TIMEOUT,TIMEOUT,TIMEOUT,TIMEOUT,TIMEOUT,TIMEOUT,TIMEOUT,TIMEOUT,TIMEOUT,TIMEOUT,TIMEOUT,TIMEOUT,TIMEOUT
abw-R-dwt__503.mtx-w64.cnf.bz2,SATISFIABLE,TIMEOUT,4734.779,3149.341,2207.345,407.336,TIMEOUT,TIMEOUT,TIMEOUT,TIMEOUT,TIMEOUT,TIMEOUT,TIMEOUT,TIMEOUT,1561.866
49-133485.cnf.bz2,SATISFIABLE,169.376,321.405,77.117,105.568,293.439,1018.208,491.049,3491.866,3660.799,3240.477,4703.236,465.063,TIMEOUT,FAILED
mrpp_8x8#24_14.cnf.bz2,SATISFIABLE,30.443,32.433,12.46,18.897,12.926,33.525,118.704,44.664,43.954,130.379,268.632,49.758,94.002,16.389
ps_300_311_20.cnf.bz2,SATISFIABLE,587.373,603.008,137.892,273.125,16.526,500.818,55.111,1648.818,1708.249,13.047,1262.253,967.235,TIMEOUT,211.016
4g_5color_170_060_05.cnf.bz2,UNKNOWN,TIMEOUT,TIMEOUT,TIMEOUT,TIMEOUT,TIMEOUT,TIMEOUT,TIMEOUT,TIMEOUT,TIMEOUT,TIMEOUT,TIMEOUT,TIMEOUT,TIMEOUT,TIMEOUT
ccp-s8-facto4.cnf.bz2,SATISFIABLE,TIMEOUT,TIMEOUT,TIMEOUT,TIMEOUT,TIMEOUT,TIMEOUT,TIMEOUT,3130.87,3214.282,TIMEOUT,TIMEOUT,TIMEOUT,TIMEOUT,TIMEOUT
rphp4_090_shuffled.cnf.bz2,UNSATISFIABLE,992.824,1001.821,264.337,254.113,1350.118,376.405,163.152,INCORRECT,INCORRECT,4836.66,TIMEOUT,164.44,1996.609,FAILED
w19-49.0.cnf.bz2,UNSATISFIABLE,267.662,266.995,45.957,67.228,103.386,142.455,146.561,428.261,429.062,181.695,53.494,107.078,97.245,66.65
bivium-40-200-0s0-0x92fc13b11169afbb2ef11a684d9fe9a19e743cd6aa5ce23fb5-19.cnf.bz2,UNSATISFIABLE,610.534,609.42,64.179,121.363,371.039,197.649,341.918,563.969,549.841,128.268,157.426,284.663,448.703,52.113
vlsat2_35929_5082743.dimacs.cnf.bz2,UNKNOWN,TIMEOUT,TIMEOUT,TIMEOUT,TIMEOUT,TIMEOUT,TIMEOUT,TIMEOUT,TIMEOUT,TIMEOUT,TIMEOUT,TIMEOUT,TIMEOUT,TIMEOUT,TIMEOUT
beempgsol5b1.cnf.bz2,UNSATISFIABLE,182.366,162.277,19.821,29.358,INCORRECT,9.825,52.614,40.186,41.819,0.242,0.286,34.232,55.134,73.355
ncc_none_2_18_9_3_0_0_435991723.cnf.bz2,UNSATISFIABLE,2616.825,2487.997,600.671,1052.59,555.644,505.765,589.851,1080.401,1034.029,200.309,TIMEOUT,371.195,1500.506,823.943
Timetable_C_241_E_45_Cl_16_S_16.cnf.bz2,SATISFIABLE,256.128,267.017,85.844,257.648,74.925,TIMEOUT,TIMEOUT,32.836,33.311,TIMEOUT,TIMEOUT,TIMEOUT,52.297,68.803
velev-dlx-uns-1.0-05.cnf.bz2,UNSATISFIABLE,1110.864,1065.964,104.465,140.019,340.597,61.303,225.685,202.737,190.191,80.416,296.952,134.325,203.294,TIMEOUT
size_5_5_5_i059_r12.cnf.bz2,SATISFIABLE,936.682,187.537,138.514,101.493,61.674,1344.505,1867.911,522.388,508.614,809.017,775.307,TIMEOUT,TIMEOUT,128.497
Timetable_C_241_E_45_Cl_16_S_14.cnf.bz2,UNKNOWN,TIMEOUT,TIMEOUT,TIMEOUT,TIMEOUT,TIMEOUT,TIMEOUT,TIMEOUT,TIMEOUT,TIMEOUT,TIMEOUT,TIMEOUT,TIMEOUT,TIMEOUT,TIMEOUT
mp1-blockpuzzle_5x10_s7_free4.cnf.bz2,UNSATISFIABLE,84.087,78.143,41.441,FAILED,INCORRECT,38.194,73.299,129.207,134.411,181.36,141.941,42.819,85.636,51.37
VanDerWaerden_2-3-32_1006.cnf.bz2,UNKNOWN,TIMEOUT,TIMEOUT,TIMEOUT,TIMEOUT,TIMEOUT,TIMEOUT,TIMEOUT,TIMEOUT,TIMEOUT,TIMEOUT,TIMEOUT,TIMEOUT,TIMEOUT,TIMEOUT
009-80-8.cnf.bz2,SATISFIABLE,398.539,564.724,17.269,76.567,264.174,203.523,342.207,243.627,243.296,304.412,1233.982,46.762,678.039,59.505
01-integer-programming-20-30-40.cnf.bz2,SATISFIABLE,3332.095,TIMEOUT,376.082,631.632,3983.324,2874.563,1357.624,1577.245,1607.893,294.27,3831.712,2849.5,3052.77,2032.908
6g_5color_170_020_04.cnf.bz2,SATISFIABLE,3631.441,TIMEOUT,3951.557,TIMEOUT,TIMEOUT,TIMEOUT,1685.695,TIMEOUT,TIMEOUT,TIMEOUT,TIMEOUT,TIMEOUT,TIMEOUT,TIMEOUT
baseballcover12with25_and5positions.cnf.bz2,UNKNOWN,TIMEOUT,TIMEOUT,TIMEOUT,TIMEOUT,TIMEOUT,TIMEOUT,TIMEOUT,TIMEOUT,TIMEOUT,TIMEOUT,TIMEOUT,TIMEOUT,TIMEOUT,TIMEOUT
schur-triples-7-90.cnf.bz2,SATISFIABLE,642.798,189.58,334.677,321.839,1213.015,TIMEOUT,1692.207,715.609,715.025,677.027,TIMEOUT,1507.766,1690.899,119.738
Kakuro-easy-097-ext.xml.hg_4.cnf.bz2,UNSATISFIABLE,2705.379,2518.444,445.089,569.808,969.499,283.135,492.878,479.419,474.953,874.856,TIMEOUT,321.192,921.967,316.772
size_5_5_5_i053_r12.cnf.bz2,SATISFIABLE,252.595,461.67,3103.935,1259.444,TIMEOUT,TIMEOUT,883.919,TIMEOUT,TIMEOUT,2293.546,206.497,794.72,TIMEOUT,1764.554
newpol4-6.cnf.bz2,UNSATISFIABLE,100.964,86.951,31.399,FAILED,129.771,40.78,69.941,69.503,72.295,134.83,398.148,39.61,66.393,40.278
DLTM_twitter845_79_18.cnf.bz2,SATISFIABLE,411.362,679.443,25.167,48.368,120.4,138.951,100.77,865.877,831.025,89.651,319.594,175.986,TIMEOUT,507.983
mp1-9_49.cnf.bz2,SATISFIABLE,53.06,76.027,7.913,32.878,288.558,98.376,21.698,33.705,33.731,79.004,554.787,13.312,4629.603,25.184
fermat-834855329100173267.cnf.bz2,SATISFIABLE,TIMEOUT,TIMEOUT,4662.523,4720.869,TIMEOUT,TIMEOUT,TIMEOUT,TIMEOUT,TIMEOUT,TIMEOUT,TIMEOUT,TIMEOUT,TIMEOUT,TIMEOUT
ps_300_301_30.cnf.bz2,SATISFIABLE,830.739,713.191,94.567,320.479,17.351,639.957,43.594,414.456,415.639,12.629,564.379,731.819,2194.142,1411.78
vlsat2_37758_5364539.dimacs.cnf.bz2,SATISFIABLE,559.64,329.118,TIMEOUT,TIMEOUT,25.634,TIMEOUT,TIMEOUT,146.124,142.427,10.65,330.995,TIMEOUT,734.249,TIMEOUT
rbsat-v760c43649g8.cnf.bz2,SATISFIABLE,123.735,202.755,61.25,18.777,1282.092,143.455,367.483,3232.937,3372.072,85.213,100.112,41.498,1700.596,21.274
full-bg-gb-8-ce.cnf.bz2,SATISFIABLE,233.378,308.413,2323.975,TIMEOUT,3083.052,TIMEOUT,TIMEOUT,TIMEOUT,TIMEOUT,TIMEOUT,TIMEOUT,2662.315,TIMEOUT,4072.094
Timetable_C_437_E_62_Cl_29_S_28.cnf.bz2,SATISFIABLE,571.994,573.975,350.665,904.567,266.187,TIMEOUT,1467.39,76.162,76.493,TIMEOUT,TIMEOUT,388.778,186.336,624.875
mrpp_8x8#16_12.cnf.bz2,SATISFIABLE,16.121,15.15,4.403,8.174,1.523,1.357,10.933,3.647,3.57,17.461,11.558,7.007,3.578,5.262
Kakuro-easy-120-ext.xml.hg_6.cnf.bz2,SATISFIABLE,1216.319,1301.011,354.81,695.665,383.191,271.42,867.633,258.706,247.671,387.428,TIMEOUT,356.249,700.398,367.284
dlx1c.ucl.sat.chaff.4.1.bryant.cnf.bz2,UNSATISFIABLE,4.806,4.333,1.868,3.676,0.141,0.128,0.668,0.098,0.101,0.245,0.35,0.388,1.961,1.116
22930-0601-11.smt2.cnf.bz2,UNSATISFIABLE,TIMEOUT,TIMEOUT,1296.983,2345.805,TIMEOUT,TIMEOUT,2580.067,TIMEOUT,TIMEOUT,TIMEOUT,TIMEOUT,2277.279,TIMEOUT,TIMEOUT
Timetable_C_181_E_34_Cl_12_S_10.cnf.bz2,UNKNOWN,TIMEOUT,TIMEOUT,TIMEOUT,TIMEOUT,TIMEOUT,TIMEOUT,TIMEOUT,TIMEOUT,TIMEOUT,TIMEOUT,TIMEOUT,TIMEOUT,TIMEOUT,TIMEOUT
ncc_none_2_19_5_3_1_0_435991723.cnf.bz2,SATISFIABLE,TIMEOUT,TIMEOUT,1630.757,TIMEOUT,1148.097,2739.017,1885.852,1748.213,1784.46,FAILED,TIMEOUT,899.676,TIMEOUT,TIMEOUT
dislog_a09_x11_n20.cnf.bz2,SATISFIABLE,129.686,114.683,43.319,37.407,126.678,36.117,75.21,377.773,373.196,84.376,54.87,51.406,245.156,49.245
Timetable_C_392_E_50_Cl_26_S_28.cnf.bz2,SATISFIABLE,381.759,414.44,63.118,155.804,52.943,53.942,134.897,85.164,84.183,1145.644,TIMEOUT,86.84,145.189,59.719
Kakuro-easy-149-ext.xml.hg_4.cnf.bz2,UNSATISFIABLE,TIMEOUT,TIMEOUT,695.665,934.117,2543.474,853.862,950.151,968.267,1016.293,2728.374,TIMEOUT,786.197,2389.164,854.44
velev-pipe-uns-1.0-9.cnf.bz2,UNSATISFIABLE,198.207,188.36,FAILED,62.694,22.197,28.87,50.614,85.787,91.085,19.901,142.339,35.36,52.327,TIMEOUT
mp1-rubikcube312.cnf.bz2,UNSATISFIABLE,2652.772,2883.878,FAILED,425.805,891.62,1179.585,1280.115,TIMEOUT,TIMEOUT,1122.43,910.066,1089.152,1201.139,121.345
Steiner-405-71-bce.cnf.bz2,UNKNOWN,TIMEOUT,TIMEOUT,TIMEOUT,TIMEOUT,TIMEOUT,TIMEOUT,TIMEOUT,TIMEOUT,TIMEOUT,TIMEOUT,TIMEOUT,TIMEOUT,TIMEOUT,TIMEOUT
combined-crypto1-wff-seed-132-wffvars-500-cryptocplx-31-overlap-2.cnf.bz2,SATISFIABLE,780.932,TIMEOUT,2085.574,2071.541,TIMEOUT,TIMEOUT,TIMEOUT,TIMEOUT,TIMEOUT,TIMEOUT,4985.999,TIMEOUT,TIMEOUT,747.377
DLTM_twitter634_77_14.cnf.bz2,SATISFIABLE,1294.271,720.288,124.132,275.399,38.192,1091.022,89.202,1118.551,1116.55,363.094,1373.128,556.607,1533.954,423.917
frb59-26-1.used-as.sat04-891.cnf.bz2,SATISFIABLE,TIMEOUT,TIMEOUT,TIMEOUT,1626.475,TIMEOUT,TIMEOUT,TIMEOUT,TIMEOUT,TIMEOUT,TIMEOUT,TIMEOUT,TIMEOUT,TIMEOUT,TIMEOUT
size_4_5_5_i032_w31_r9.cnf.bz2,UNSATISFIABLE,TIMEOUT,TIMEOUT,523.366,628.232,4422.281,2817.573,2090.768,TIMEOUT,TIMEOUT,3785.468,442.697,1756.983,3230.291,TIMEOUT
Kakuro-easy-132-ext.xml.hg_9.cnf.bz2,SATISFIABLE,1072.672,1375.234,433.42,580.541,392.735,400.502,1168.684,232.936,236.6,333.521,4606.508,356.445,1197.045,327.262
abw-Q-494_bus.mtx-w208.cnf.bz2,SATISFIABLE,3417.015,3884.562,636.139,1293.488,206.832,TIMEOUT,TIMEOUT,557.955,537.046,TIMEOUT,TIMEOUT,TIMEOUT,3388.598,1154.573
Timetable_C_331_E_45_Cl_22_S_26.cnf.bz2,UNKNOWN,TIMEOUT,TIMEOUT,TIMEOUT,TIMEOUT,TIMEOUT,TIMEOUT,TIMEOUT,TIMEOUT,TIMEOUT,TIMEOUT,TIMEOUT,TIMEOUT,TIMEOUT,TIMEOUT
combined-crypto1-wff-seed-115-wffvars-500-cryptocplx-31-overlap-2.cnf.bz2,SATISFIABLE,284.676,667.764,TIMEOUT,1645.519,TIMEOUT,TIMEOUT,TIMEOUT,TIMEOUT,TIMEOUT,271.189,1451.247,30.422,TIMEOUT,76.222
